"aabaadi","اٰبادي"
"aab","اٰب"
"aab o hawaa","اٰب و هواء"
"aabaad","اٰباد"
"aabdida","اٰبديده"
"aabru","اٰبرو"
"aapas ma","اٰپس ما"
"aapwu","اٰپوؤ"
"aasaar","اٰثار"
"aaj","اٰج"
"aakherat","اٰخرة"
"aadmi","اٰدمي"
"aar","اٰر"
"aaraasta","اٰراسته"
"aaraam","اٰرام"
"aarpaar","اٰرپار"
"aarzu","اٰرزو"
"aarsi","اٰرسي"
"aazaad","اٰزاد"
"aazurda","اٰزرده"
"aasaan","اٰسان"
"aasteen","اٰستين"
"aasra","اٰسرا"
"aasin","اٰسن"
"aasin","اٰسن"
"aashkaar","اٰشكار"
"aashnaai","اٰشنائي"
"aata","اٰضضا"
"aaghaaz","اٰغاز"
"aafat","اٰفة"
"aaftaab","اٰفتاب"
"aafis","اٰفس"
"aaq e ghiraami","اٰقا ء گرامي"
"aag","اٰگ"
"agaah","اٰگاه"
"aagaahi","اٰگاهي"
"aage bharwu","اٰگے بهروؤ"
"aagal","اٰگل"
"aagewaan","اٰگيوان"
"aal","اٰل"
"aale mohammad","اٰل محمد"
"aamaada thaawu","اٰماده تهاوؤ"
"aamez","اٰميز"
"aamezgi","اٰميزگي"
"aan","اٰن"
"aasu","اٰنسو"
"aangli","اٰنگلي"
"aangan","اٰنگن"
"aaho zaari","اٰه زاري"
"aahistaa","اٰهسته"
"aawaaz","اٰواز"
"aawu","اٰوؤ"
"aayat","اٰية-اٰيات"
"aainda","اٰئنده"
"abba","ابّا"
"ibtida","ابتداء"
"ibteda an","ابتداءً"
"ibtedaa'","ابتداع"
"ibtehaal","ابتهال"
"abad ul aabaad","ابد الاباد"
"ibdaa' kerwu","ابداع كروؤ"
"abadi","ابدي"
"aber","ابر"
"abraar","ابرار"
"abras","ابرص"
"ibhaam","ابهام"
"iblaag","ابلاغ"
"iblees","ابليس"
"ibn","ابن"
"ubhaarwu","ابهاروؤ"
"abwaab","ابواب"
"abyaat","ابيات"
"upaarwu","اپاروؤ"
"apan","اپن"
"apna","اپنا"
"ittekaa","اتّكاء"
"utaro","اتارو"
"utaarwu","اتاروؤ"
"utarti","اترتي"
"uterwu","اتروؤ"
"ittesaal","اتصال"
"ittefaaq","اتفاق"
"itqaan","اتقان"
"atqeyaa","اتـقياء"
"atakwu","اتكوؤ"
"uthaawu","اتهاوؤ"
"atharwu","اتهروؤ"
"uthwu","اتهوؤ"
"athar","اثر"
"ism","اثم"
"asnaa","اثناء"
"ithnain","اثنين"
"ijabat","اجابة"
"ijazat","اجازة"
"ujaagro","اجاگرو"
"ijtebaa","اجتباء"
"ijtema","اجتماع"
"ijtemaee","اجتماعي"
"ijtenaab","اجتناب"
"ijtehaad","اجتهاد"
"ajar","اجر"
"ujrat","اجرة"
"ajal","اجل"
"ajnabi","اجنبي"
"ahadees","احاديث"
"ihaatat","احاطة"
"aahibbaa","احباء"
"ehteraam","احترام"
"ihtefaal","احتفال-احتفالات"
"ehtemaal","احتمال"
"ehtewa","احتواء"
"ehteyaaj","احتياج"
"ehteyaat","احتياط"
"ahad","احد"
"ehraam","احرام"
"ahraa","احرىْ"
"ehsaas","احساس"
"ehsaan","احسان"
"ahsan","احسن"
"ahsanta","احسنتَ"
"ahkaam","احكام"
"ehkaam","احكام"
"ahmar","احمر"
"ahwaal","احوال"
"ehyaa","احياء كروؤ"
"akh","اخ"
"akhbaar","اخبار"
"ukht","اخت"
"ikhtebaar","اختبار"
"ikhtesaar","اختصار"
"ikhtelaaf","اختلاف"
"ikhteyaar","اختيار"
"aakhir","اخر"
"aakhereen","اخرين"
"ikhlaas","اخلاص"
"akhlaaq","اخلاق"
"akhlaaq hasanah","اخلاق حسنة"
"akheer","اخير"
"achat","اچهت تهاوؤ"
"achu","اچهو"
"idara","ادارة"
"udaas","اداس"
"adab","ادب"
"idraak","ادراك"
"ad- e'yat","ادعية"
"adna","ادنىْ"
"udhaar","ادهار"
"adhukraa bethwu","ادهوكرا بيتهوؤ"
"idhwichraa","ادهويچرا"
"adwaar maziya","ادوار ماضية"
"izan","اذَن"
"ozun","اذُن"
"izin","اذٍّن"
"azaan","اذان"
"azhaan","اذهان"
"irada, irado","ارادة"
"arbea","اربعاء"
"irteqaa","ارتقاء"
"irteqaab","ارتكاب"
"archan","ارچن"
"ardhu","اردهو"
"arzaaq","ارزاق"
"irsaal","ارسال"
"irshaad","ارشاد"
"arkaan","اركان"
"arwaah","ارواح"
"urwu","اروؤ"
"izdehaam","ازدحام"
"azdaha","ازدها"
"izdewaaj","ازدواج"
"azali","ازلي"
"asaas","اساس"
"aasaaesh","اسائش"
"asbaab","اسباب"
"asbaat","اسباط"
"asbaaq","اسباق"
"ustaaz","استاذ"
"istibsaar","استبصار"
"istibsaar","استبصار"
"istetaar","استتار"
"istehsaan","استحسان"
"istehqaaq","استحقاق"
"istikhraaj","استخراج"
"istisqaa","استسقاء"
"istetaa'at","استطاعة"
"istehaanat","استهانة"
"isteaazat","استعاذة"
"isteaanat","استعانة"
"iste'maal","استعمال"
"istegaasat kerwu","استغاثة"
"istigfaar kerwu","استغفار كروؤ"
"istiqbaal","استقبال"
"istiqlaal","استقلال"
"istikbaar","استكبار"
"istimdaad","استمداد"
"istimraar","استمرار"
"istenaarat","استنارة"
"istimbaat","استنباط"
"istinsaakh","استنساخ"
"istinshaaq","استنشاق"
"istinkaaf","استنكاف"
"istawa","استواء"
"ustowaar","استوار كروؤ"
"isti'aab","استيعاب"
"asraar","اسرار"
"israaf","اسراف"
"asturlaab","اسطرلاب"
"astri","اسطري"
"islam","اسلام"
"usloob","اسلوب"
"ism-asmaa","اسم-اسماء"
"asma ullah","اسماء الله"
"aasmaan","اسمان"
"asmer","اسمر"
"aseer","اسير"
"isharaa","اشارة"
"ishaa'at","اشاعة"
"ishtebah","اشتباه"
"ishteqaaq","اشتقاق"
"ashkhaas","اشخاص"
"ashad","اشد"
"ishraaq","اشراق"
"ashe'at","اشعّة"
"ashgaal","اشغال"
"ishfaaq","اشفاق"
"ish-haar","اشهار"
"ashyaa","اشياء"
"as-haab","اصحاب"
"israar","اصرار"
"istefaa","اصطفاء"
"istefaa kerwu","اصطفاء"
"istelaah","اصطلاح"
"asgar","اصغر"
"asal","اصل"
"islaah","اصلاح"
"usool","اصول"
"idaafat","اضافة"
"izteraab","اضطراب"
"ad'aaffan muda'afa","اضعافاً مضاعفة"
"aatibba","اطبّاء"
"ittelaa","اطلاع"
"itmenaan","اطمئنان"
"izhaar","اظهار"
"i'aadat","اعادة"
"ae'tedaal","اعتدال"
"ae'traaz","اعتراض"
"ae'teraaf","اعتراف"
"ee'tesaam","اعتصام"
"ae'teqaad","اعتقاد"
"ae'tekaaf bhandwu","اعتكاف"
"ae'temaad","اعتماد"
"ae'tenaa","اعتناء"
"aa'daa","اعداء"
"e'raab","اعراب"
"aa'raabi","اعرابي"
"aaraabi","اعرابي"
"ae'raaz","اعراض"
"aa'daa","اعضاء"
"aa'zam","اعظم"
"aa'laam","اعلام"
"ae'laan","اعلان"
"aa'la","اعلىْ"
"aa'lallah o qudsahu","اعلىْ الله قدسه"
"aa'la illiyeen","اعلىْ عليين"
"aa'maa","اعمىْ"
"aa'waan","اعوان"
"aa'yaan","اعيان"
"igtenaam","اغتنام"
"agar","اغر"
"igmaaz","اغماض"
"agniyaa","اغنياء"
"agyaar","اغيار"
"uff kehwu","اف كهوؤ"
"ifadat-ifaadaat","افادة-افادات"
"iftetah","افتتاح"
"ifraat","افراط"
"afranj","افرنج"
"afsos","افسوس"
"afzal","افضل"
"iftaar","افطار"
"ufuq","افق"
"afkaar","افكار"
"aqaaleem","اقاليم"
"iqaamat","اقامة"
"iqbaal","اقبال"
"iqbaal kerwu","اقبال كروؤ"
"iqtebaas","اقتباس"
"iqtedaa","اقتداء"
"iqtesaad","اقتصاد"
"aqdaar","اقدار"
"iqraar","اقرار"
"aqrebaa","اقرباء"
"aqsaam","اقسام"
"aqsaa","اقصىْ"
"aqsal muna","اقصى المنىْ"
"aqsa umeed","اقصى اميد"
"aqtaar","اقطار"
"aqwaa","اقوىْ"
"akhaa","اكّها"
"akaaleem","اكاليم"
"akbar","اكبر"
"aksar","اكثر"
"ikraam","اكرام"
"ukhaarwu","اكهاروؤ"
"akela","اكيلا"
"akela","اكيلا"
"akela panu","اكيلاپنو"
"agaasi","اگاسي"
"ugaawo","اگاوؤ"
"agar","اگر"
"ugwu","اگوؤ"
"iltejaa","التجاء"
"iltefaat kerwu","التفات كروؤ"
"iltemaas","التماس"
"uljhan","الجهن"
"ilhaah","الحاح"
"ilzaam","الزام"
"as salaam o alaikum","السلام عليكم"
"altaaf","الطاف"
"ilhaam","الهام"
"alfaaz","الفاظ"
"alag","الگ"
"allah","الله"
"al moizziyatul qahera","المعزية القاهرة"
"aleem","اليم"
"imam uz zamaan","امام الزمان"
"amaan","امان"
"amaanat","امانة"
"amaani","اماني"
"ummat","امة"
"amate syedna","امة سيدناط ع"
"imtehaan","امتحان"
"imtedaad","امتداد"
"imtenaan","امتنان"
"amar","امر"
"imhaal","امهال"
"imkaan","امكان"
"amal","امل-امال"
"imlaa","املاء"
"aman","امن"
"umoor","امور"
"ummeed","اميد"
"ameer","امير"
"ameer ul juyush","امير الجيوش"
"ameerul mumineen","امير المؤمنين"
"anaaj","اناج"
"ananas","انانس"
"ananiyat","انانية"
"anbiyaa","انبياء"
"intekhaab","انتخاب"
"intezar","انتظار"
"intezaam","انتظام"
"inteqaam","انتقام"
"intehaa","انتهاء"
"anjaam","انجام"
"anjeer","انجير"
"injeel","انجيل"
"andaaz","انداز"
"undaan","اندان"
"andar","اندر"
"andhaaru","اندهارو"
"andaaz","انذار"
"insaan","انسان"
"insaaniyat","انسانية"
"anasat","انسة"
"insha","انشاء"
"inshallah","انشاء الله"
"ansaar","انصار"
"insaaf","انصاف"
"in'aam","انعام"
"inferaadi","انفرادي"
"inqeta'","انقطاع"
"inkaar","انكار"
"anginat","انگنت"
"angwa","انگوا"
"angutho","انگوتهو"
"anguthi","انگوتهي"
"aankh","انكهـ"
"ankeh kerwu","انكه كروؤ"
"anmol","انمول"
"anhaar","انهار"
"anwaar","انوار"
"ohbat","اهبة"
"ihtemaam","اهتمام"
"ahl","اهل"
"ahlul bait","اهل البيت"
"ahlul kitaab","اهل الكتاب"
"ahlul wala","اهل الولاء"
"ehem","اهم"
"ehmaal","اهمال"
"ihwu","اهوو"
"uuper","اوپر"
"oorwu","اوروؤ"
"awzaar","اوزار"
"awsaan","اوسان"
"awfar","اوفر"
"ukaalwu","اوكالوؤ"
"awwal","اول"
"awlaad","اولاد"
"oldaa","اولدٌا"
"olkhaan","اولكهان"
"ulul ilm","اولو العلم"
"awla","اولىْ"
"ulil amar","اولي الامر"
"awliyaa ullah","اولياء الله"
"awwaleen","اولين"
"uun","اون"
"untri","اونتري"
"uncho","اونچو"
"uunder","اوندر"
"uundu jaawu","اوندو جاوؤ"
"ayyaam","ايام"
"aithaas","ايتهاس"
"aij misal","ايجمثل"
"iezaa","ايذاء"
"iiraad","ايراد"
"aaizan","ايضاً"
"aik jewu","ايك جيوؤ"
"ekdam","ايكدم"
"eksaa","ايكسا"
"eaiki","ايكي"
"imaan","ايمان"
"eewaan","ايوان"
"aimmat tahireen","ائمة طاهرين"
"ba khaber rehwu","با خبر رهوؤ"
"baab","باب"
"baab ul abwaab","باب الابواب"
"babat","بابت"
"baap","باپ"
"baadaam","بادام"
"baadshah","بادشاه-بادشاهو"
"baadi","بادي"
"baarish","بارش"
"baare'","بارع"
"baarkash","باركش"
"baara ma","باره ما"
"baaraha","بارها"
"baari","باري"
"baareek","باريك"
"baaz rehwu","باز رهوؤ"
"baazaar","بازار"
"baazu","بازو"
"baazu ma","بازو  ما"
"baashinda","باشندا"
"baatil","باطل"
"batin","باطن"
"baag","باغ"
"baagi-bugaat","باغي-بغاة"
"baagicha","باغيچه"
"baaqi","باقي"
"baal","بال"
"baal baal","بال بال"
"bit tehqeeq","بالتحقيق"
"bizzabt","بالضبط"
"baalig","بالغ"
"baandhwu","باندهوؤ"
"baandi","باندي"
"baani","باني"
"baahir","باهر"
"baahosh","باهوش"
"bawaji","باواجي"
"bawajood","باوجود"
"baaye'","بائع"
"but","بت"
"but parasti","بت پرست"
"batawu","بتاوؤ"
"baja","بجا"
"bajawu","بجاوؤ"
"bujhawu","بجهاوؤ"
"bahbuhat","بحبوحة"
"behes","بحث"
"bachaawo","بچاوؤ"
"beher","بحر"
"ba hesiyat","بحيثية"
"bukhaar","بخار"
"bakht","بخت"
"bakhshish","بخشش"
"bakhswu","بخشوؤ"
"bukhul","بخل"
"bukhur","بخور"
"bukhoor daani","بخورداني"
"bakheel","بخيل"
"bachaao","بچاؤ"
"bachawnaar","بچاؤنار"
"bachpan","بچپن"
"bach'cha-bach'chao","بچه-بچاؤ"
"bichawu","بچهاوؤ"
"bichonu","بچهونو"
"bachwu","بچوؤ"
"bachelu","بچيلو"
"bad","بد"
"bad bakht","بد بخت"
"badsoorat","بد صورت"
"badbu","بدبو"
"badter","بدتر"
"bader","بدر"
"bid'at","بدعة"
"badal","بدل"
"badlo","بدلو"
"badalwu","بدلوؤ"
"badan","بدن"
"budhwaar","بدهوار"
"badi","بدي"
"badi","بدي"
"bazl","بذل"
"bazlul johod","بذل الجهد"
"ber","بر"
"bir","بر"
"bar laawu","بر لاؤجو"
"bar niyat","بر نية"
"bara'at","براءة"
"baraa'at","براءة"
"baraabar","برابر"
"baraaberi kerwu","برابري كروؤ"
"biraader","برادر"
"buraai","برائي"
"barbaadi","بربادي"
"berbat","بربط"
"barchi","برچهي"
"barhaq","برحق"
"bardaasht","برداشت"
"burdbaar","بردبار"
"burdbaari","بردباري"
"barsar e mala","برسرملاء"
"bars","برص"
"baraf","برف"
"barq","برق"
"barakat-barakaat","بركة-بركات"
"bargashta","برگشته"
"burhapo","برهاپو"
"burhaan","برهان"
"baraheen","برهان - براهين"
"burhanuddin","برهان الدين"
"berhaawu","برهاوؤ"
"barhana","برهنه"
"buro","برو"
"bari thaawu","بري تهاوؤ"
"buzdil","بزدل"
"buzurg-buzurgo","بزرگ-بزرگو"
"buzurgi","بزرگي"
"bus","بس"
"bustaan","بستان"
"bister","بستر"
"bastat","بسطة"
"bismillah","بسم الله"
"bisharat","بشارة"
"bashashat","بشاشة"
"basher","بشر"
"bishr","بشر"
"bushraa","بشرْى"
"basheer","بشير"
"basarat","بصارة"
"basirat","بصيرة"
"bazid rehwu","بضد رهوؤ"
"bad'at","بضعة"
"batakh","بطخ"
"butlaan","بطلان"
"ba'as","بعث"
"ba'ad","بعد"
"ba'az","بعض"
"ba'az waqat","بعض وقت"
"baeed","بعيد"
"bagawat","بغاوة"
"bagal","بغل"
"baglat","بغلة"
"bagair","بغير"
"baqaa","بقاء"
"baqar","بقر"
"buq'at","بقعة"
"bukaa","بكاء"
"bakter","بكتر"
"bakro","بكرو"
"bigaar","بگار"
"bagaasa khaawu","بگاسا كهاوؤ"
"bigarwu","بگروؤ"
"bila hisaab","بلا حساب"
"bala'- balao","بلاء-بلاؤ"
"bilaad","بلاد"
"bilaad imaniyah","بلاد ايمانية"
"bilaari","بلاري"
"bulaawu","بلاوؤ"
"bulbul","بلبل"
"bilkul","بلكل"
"balke","بلكه"
"baland","بلند"
"baland bakht","بلند بخت"
"billor","بلور"
"buloog","بلوغ"
"binaa","بناء"
"banawo","بناوؤ"
"band","بند"
"bandagi","بندگي"
"banda","بنده"
"bandobast","بندوبست"
"bandiwaan","بنديوان"
"be nasehin nafeesa","بنفسه النفيسة"
"bunyaad","بنياد"
"bunyaan","بنيان"
"bhabi","بهابي"
"bhaaji","بهاجي"
"bhaari","بهاري"
"bhaari laagwu","بهاري لاگوؤ"
"bhaag waaqe thaawu","بهاگ واقع تهاوؤ"
"bhaagwu","بهاگوؤ"
"bhagidaar","بهاگيدار"
"bhaalo","بهالو"
"bhaanjo-bhaanji","بهانجو/بهانجي"
"bhawu","بهاوؤ"
"bhai","بهائي"
"bharpoor","بهرپور"
"behrahwar","بهرهور"
"bharosa, bharoso","بهروسه"
"bharosa mand","بهروسه مند"
"bharwu","بهروؤ"
"bhareli","بهريلي"
"bhalla","بهلّا"
"bhala","بهلا"
"bhalai","بهلائي"
"bhootra-bhootrao","بهوترا-بهوتراؤ"
"bhook","بهوك"
"bhoka-bhokao","بهوكو-بهوكاؤ"
"bhokwu","بهوكوؤ"
"bhul","بهول"
"bhulwu","بهولوؤ"
"bhonkwu","بهونكوؤ"
"bhi","بهي"
"bheid","بهيد"
"bheeq maangwu","بهيك مانگوؤ"
"bhega kerwu","بهيگا كروؤ"
"bhegu kerwu","بهيگو كروؤ"
"bhingaawu","بهينگاو"
"bheengra","بهينگرا"
"bhingu","بهينگو"
"baha","بهاء"
"bahadur","بهادر"
"bahadury","بهادري"
"bahaar","بهار"
"bahano","بهانو"
"bahawu","بهاوؤ"
"behbood","بهبود"
"behbudgi","بهبودگي"
"bohtaan","بهتان"
"behter","بهتر"
"behjat","بهجة"
"bharwu","بهرو"
"bahishti","بهشتي"
"behen","بهن"
"bu","بو"
"bu saheba","بو صاحبة"
"bhoojh","بوجهـ"
"bujhwu","بوجهوؤ"
"borwu","بوروؤ"
"bosa","بوسه"
"bosa gaah","بوسه  گاه"
"bolwu","بولوؤ"
"bohra","بوهره"
"bayaaz","بياض"
"bayan","بيان"
"bait","بيت"
"baitul khalaa","بيت الخلاء"
"baitullah","بيت الله"
"betaa","بيتا"
"bija","بيجا"
"bichara","بيچاره"
"be yadish shukr","بيد الشكر"
"be daar","بيدار تهاوؤ"
"be yadehish sharifa","بيده الشريفة"
"bir","بير"
"bero paar kerwu","بيرو پار كروؤ"
"beri","بيري"
"bisraa","بيسرا"
"baidaa","بيضاء"
"beda","بيضة"
"betho","بيضضهوؤ"
"be'at","بيعة"
"bekaar","بيكار"
"beeki","بيكي"
"bimaar","بيمار"
"bimaari","بيماري"
"bain","بين"
"baiaa zahraaneyin naas","بين ظهراني الناس"
"binaai","بينائي"
"baiyenat-baiyenaat","بينة-بينات"
"binwu","بينوؤ"
"behooda","بيهوده"
"be hosh","بيهوش"
"buyut","بيوت"
"bewe","بيوے"
"bewaqoof","بيوقوف"
"bairo","بئيرو-بئيراؤ"
"be adabi","بے ادبي"
"be ae'tenai","بے اعتنائي"
"be parda","بے پرده"
"be paher","بے پهر"
"be jaan","بے جان"
"be chain","بے چين"
"be had","بے حد"
"be hurmati","بے حرمتي"
"be his","بے حس"
"be hisaab","بے حساب"
"be haya","بے حياء"
"be dam","بے دم تهئي جاوؤ"
"be zubaan","بے زبان"
"be saakhta","بے ساخته"
"be sud","بے سد"
"be sharam","بے شرم"
"be shak","بے شك"
"be shumaar","بے شمار"
"be izzatee","بے عزتي"
"be aqal","بے عقل"
"be farmaani","بے فرمان"
"be farmaani","بے فرماني"
"be qaraar","بے قرار"
"be qusoor","بے قصور"
"be gunah","بے گناه"
"be kinaar","بے كنار"
"be mool","بے مول"
"be mulaa","بے مولىْ"
"be nazir","بے نظير"
"paabandi","پابندي"
"paato","پاتو"
"paatyo-paatyao","پاتيو-پاتياؤ"
"paachal","پاچهل"
"paachlo din","پاچهلو دن"
"paachli raat","پاچهلي رات"
"paar kerwu","پار كروؤ"
"paar-cher-haa-man","پارچرهامن"
"paarwu","پاروؤ"
"paas","پاس"
"paasbaan","پاسبان"
"paase","پاےس"
"paak","پاك"
"paagri","پاگهري"
"paakwu","پاكوؤ"
"paakizgi","پاكيزگي"
"paalki","پالكي"
"paalwu","پالوؤ"
"paamaal","پامال"
"paantra-paantrao","پانترا-پانتراؤ"
"paansa","پانسا"
"paankh","پانكهـ"
"paani","پاني"
"paao","پاؤں"
"payae takhat","پايه تخت"
"paayo","پايو"
"pittal","پتّل"
"pitaari","پتاري"
"patar","پتر"
"patang","پتنگ"
"patta, patto","پته، پته ؤ"
"pathar","پتهر"
"pukhtagi","پختگي"
"pukhta","پخته"
"pachaarwu","پچهاروؤ"
"pichori","پچهوري"
"pider","پدر"
"padhaarwu","پدهاروؤ"
"pur asar","پر اثر"
"pur balaagat","پر بلاغة"
"paraperi kerwu","پراپري كروؤ"
"paraamwu","پراموؤ"
"puraanu","پرانو"
"pur josh","پرجوش"
"perchum","پرچم"
"parda","پرده"
"perdais","پرديس"
"purza","پرزه"
"pursaan e haal","پرسان حال"
"purso dewu","پرسو ديوؤ"
"param din","پرم دن"
"pernaawu","پرناوؤ"
"parinda","پرنده"
"purnam","پرنم"
"parhaizgaar","پرهيزگار"
"parwaaz","پرواز"
"parwaana","پروانه"
"parwaano","پروانو"
"parwaah","پرواه"
"parwardigaar","پروردگار"
"parwarish","پرورش"
"parwari","پروري"
"paros","پروس"
"parosi","پروسي"
"parwu","پروؤ"
"pareshaan","پريشان"
"pareshaani","پريشاني"
"pareegwu","پريگوؤ"
"parelu","پريلو"
"pas o paish","پس و پيش"
"past himmat","پست همة"
"pastaawu","پستاوؤ"
"pasti","پستي"
"pasand","پسند"
"pasandida","پسنديده"
"paseena","پسينه"
"pusht e panah","پشت پناه"
"pukaar","پكار"
"pukaarwu","پكاروؤ"
"pakaawo","پكاوؤ"
"pag","پگ"
"pighalwu","پگهلوؤ"
"pighlelu","پگهليلو"
"pal","پل"
"pul","پل"
"palko","پلكو"
"palang","پلنگ"
"palla","پله"
"pan","پن"
"panah","پناه"
"panah gah","پناه گاه"
"panjatan paak","پنجتن پاك"
"pindli","پندلي"
"pinhaa","پنهاں"
"pangaathe","پنگاتهے"
"pankho","پنكهو"
"phaat","پهات"
"phaaru","پهاروؤ"
"phaanti jaawu","پهانتي جاوؤ"
"phabti nathi","پهبتي نتهي"
"phitkaar","پهتكار"
"phiraawu","پهراوؤ"
"pharakwu","پهركوؤ"
"phirwu","پهروؤ"
"phiri jaawu","پهري جاوؤ"
"phuslaawu","پهسلاوؤ"
"phal-phalo","پهل-پهلو"
"phala-phula","پهلا پهولا"
"phaldaar","پهلدار"
"pohchawu","پهنچاوؤ"
"phasaai jaawu-phaswu","پهنسائي جاوؤ-پهنسوؤ"
"phuwa ji","پهواجي"
"phorwu","پهوروؤ"
"phool","پهول"
"phulaawu","پهولاوؤ"
"phoolwu","پهولوؤ"
"phonkaawu","پهونكاوؤ"
"phoonkwu","پهونكوؤ"
"pheto","پهيتو"
"pheraa","پهيرا"
"phelaai jaawu","پهيلائي جاوؤ"
"phelwu","پهيلوؤ"
"pheen","پهين"
"pheinkwu","پهينكوؤ"
"phai ji","پهئي جي"
"pahaar","پهار"
"pehchaan","پهچان"
"pehchaanwu","پهچانوؤ"
"pehla","پهلا"
"pehlu","پهلو"
"pehenwu","پهنوؤ"
"pota","پوتا"
"potaana","پوتانا"
"poochu","پوچهوؤ"
"puraa","پورا"
"poordais","پورديس"
"poore puru","پورے پورو"
"puri paarwu","پوري پاروؤ"
"poshaak","پوشاك"
"poshidah","پوشيده"
"pawan","پون"
"ponji","پونجي"
"punam","پونم نا چندرما"
"piya","پيا"
"payaar","پيار"
"payaaro","پيارو"
"payaaz","پياز"
"pyaas","پياس"
"piyaali-piyaalo","پيالي-پيالو"
"pait","پيت"
"peeth","پيتهـ"
"pethwu","پيتهوؤ"
"peti","پيتي"
"piche piche jaawu","پيچهے پيچهے اجاوؤ"
"picho kerwu","پيچهو كروؤ"
"paida","پيدا تهاوؤ"
"paidaaish","پيدائش"
"pairaayaa","پيرايا"
"pairhan","پيرهن"
"pilwu","پيروؤ"
"pairi","پيري"
"peeri","پيري"
"pairi daar","پيري دار"
"peeswu","پيسوؤ"
"paish kerwu","پيش كروؤ"
"paishaab","پيشاب"
"paishaani","پيشاني"
"paishter","پيشتر"
"peshangoi","پيشنگوئي"
"paishwa","پيشوا"
"paiham","پيهم"
"paigaam","پيغام"
"pilu","پيلو"
"peelwu","پيلوؤ"
"payamber","پيمبر"
"pewast","پيوست"
"pewand","پيوند"
"piwu","پيوؤ"
"pe dar pe","پے در   پے"
"ta abad","تا ابد"
"ta hayaat","تا حياة"
"taab","تاب"
"tabe'-taabe'een","تابع - تابعين"
"taabe' thawu","تابع تهاوؤ"
"taaboot","تابوت"
"taaj","تاج"
"taar","تار"
"taaraa","تارا"
"taazgi","تازگي"
"taaza","تازه"
"taasu'","تاسوع"
"taakeed","تاكيد"
"taalaab","تالاب"
"taalu","تالو"
"taanki","تانكي"
"taaeb","تائب"
"taeed","تائيد"
"taa'seer","تأثير"
"taakheer","تأخير"
"taadeeb","تأديب"
"taareekh","تأريخ"
"taasees","تأسيس"
"taaleef","تأليف-تأليفات"
"tabaa'at","تباعة"
"tabattul","تبتل"
"tabdeel","تبديل"
"tabzeer","تبذير"
"tebr","تبر"
"tabarrokan","تبركاً"
"tabassum","تبسم"
"tapaas","تپاس كروؤ"
"tapakwu","تپكوؤ"
"tapya","تپيا"
"tijaarat","تجارة"
"tajdeed","تجديد"
"tajurba-tajaarib","تجربة-تجارب"
"tajalli","تجلي"
"tijori","تجوري"
"taji dewu","تجي ديوؤ"
"tehzeer","تحذير"
"tehreek","تحريك"
"tehseen","تحسين"
"tehseel","تحصيل"
"tehdeed","تحضيض"
"tohfah","تحفة"
"tehqeeq","تحقيق"
"tehqeeqan","تحقيقاً"
"tehleel","تحليل"
"tahiyat","تحية-تحيات"
"tahiyat ul masjid","تحية المسجد"
"takhat","تخت"
"takhreej","تخريج"
"takhsees","تخصيص"
"takhteet","تخطيط"
"takhalluf","تخلف"
"takhallul kerwu","تخلل كروؤ"
"tukhum","تخم"
"takhmeen","تخمين"
"tadaaruk","تدارك"
"tadbeer","تدبير"
"tadbeer e aakhir","تدبير اٰخر"
"tadqeeq","تدقيق"
"tadween","تدوين"
"tizkaar","تذكار"
"tazkeer","تذكير"
"ter thai jaawu","تر تهئي جاوؤ"
"turaab","تراب"
"taraazu","ترازو"
"turbat","تربة"
"tarbiyat","تربية"
"tarat","ترت"
"tarteeb","ترتيب"
"tarteel","ترتيل"
"tarjuma","ترجمة"
"tarheeb","ترحيب"
"taraswu","ترسوؤ"
"tarshul","ترشول"
"targeeb","ترغيب"
"taraqqi","ترقي"
"tarkaari","تركاري"
"tarakti","تركضضي"
"tarmeem","ترميم"
"trikon","تريكون"
"tazkiyat","تزكية"
"tazyeen","تزيين"
"tasbeeh","تسبيح"
"tasdeed","تسديد"
"taskeen","تسكين"
"tasalsul","تسلسل"
"tasalli","تسلي"
"tasleem","تسليم"
"tashabbuh","تشبه"
"tashbeeh","تشبيه"
"tash-jee'","تشجيع"
"tash-khees","تشخيص"
"tashreef","تشريف"
"tashreef laawu","تشريف لاوؤ"
"tashyeed","تشييد"
"tasadduk","تصدق"
"tasdeeq","تصديق"
"tasreehan","تصريحاً"
"tasneef","تصنيف-تصنيفات"
"tasawwur","تصور ليوؤ"
"tasweer","تصوير-تصاوير"
"tada'eef","تضاعيف"
"tadar'ro","تضرع"
"tat'heer","تطهير"
"tatawwo","تطوع-تطوعات"
"taa'ruf","تعارف"
"ta'aawon","تعاون"
"ta'ab","تعب"
"ta'biyat","تعبية"
"ta'beer","تعبير"
"ta'ajjub","تعجب"
"ta'daad","تعداد"
"ta'addi","تعدي"
"ta'ziyat","تعزية"
"ta'teel","تعطيل"
"ta'zeem","تعظيم"
"ta'leem","تعليم"
"ta'meer","تعمير"
"ta'weez","تعويذ"
"ta'yeen","تعيين"
"tagaiyur aawu","تغير اٰوؤ"
"tagyeer","تغيير"
"tuffah","تفاح"
"tafaadi","تفادي"
"tafreeh","تفريح"
"tafreeq","تفريق"
"tafseer","تفسير"
"tafseel","تفصيل"
"tafaddul","تفضل"
"tafdeel","تفضيل"
"tafaqqud","تفقد"
"tafakkur","تفكر"
"tafkeer","تفكير"
"tafweez","تفويض"
"taqaza","تقاضه"
"taqbeel","تقبيل"
"taqdees","تقديس كروؤ"
"taqarrub","تقرب"
"taqreeban","تقريباً"
"taqreer","تقرير"
"taqseem","تقسيم"
"taqseer","تقصير"
"taqwa","تقوىْ"
"taqi-atqeya","تقي-اتقياء"
"taqiyat","تقية"
"takbeer","تكبير"
"takbira","تكبيرة"
"takzeeb","تكذيب"
"tukri","تكرٌي"
"tukra tukra kerwu","تكرا تكرا كروؤ"
"takraawu","تكراوؤ"
"takrao","تكراؤ"
"tukro-tukrao","تكرو-تكراؤ"
"takreem","تكريم"
"takalluf","تكلف"
"takleef","تكليف"
"takmeel","تكميل"
"takween","تكوين"
"takya","تكيه"
"talaash","تلاش"
"talaatum","تلاطم"
"tilawat","تلاوة"
"talbiyat","تلبية"
"talaffuz","تلفظ"
"talaqqi","تلقي"
"talqeen","تلقين"
"talwaar","تلوار"
"tulwu","تلوؤ"
"tamaku","تماكو"
"tamaam","تمام"
"tamamiyat","تمامية"
"tamhees","تمحيص"
"tamer","تمر"
"tamarrud kerwu","تمرد كروؤ"
"tamreen","تمرين"
"tamassuk","تمسك"
"tamalluq","تملق"
"tamanna","تمنىْ"
"tamheed","تمهيد"
"tameez","تميز"
"tamein","تميں"
"tamyeez","تمييز"
"tanaafus","تنافس"
"tanawul","تناول كروؤ"
"tanbeeh","تنبيه كروؤ"
"tandrust","تندرست"
"tanzeel","تنزيل"
"tanazzuf","تنظف"
"tanzeem","تنظيم"
"tang","تنگ"
"tangdast","تنگدست"
"tangi","تنگي"
"tanmiyat","تنمية"
"tanha","تنها"
"thaat","تهات"
"thaapan","تهاپن"
"thaapan","تهاپن"
"thaak","تهاك"
"thaaki jawu","تهاكي جاوؤ"
"thaal","تهال"
"thaami lewu","تهامي ليوؤ"
"tehzeeb","تهذيب"
"therthari jaawu","تهرتهري جاوؤ"
"theri jaawu","تهري جاوؤ"
"thakaan","تهكان"
"thakraani","تهكراني"
"thaki","تهكي"
"thamb","تهمب"
"tohmat","تهمة"
"thamelu","تهميلو"
"thandak","تهندك"
"thandu","تهندو"
"thandi","تهندي"
"tehniyat","تهنية"
"thora","تهورا"
"thoker","تهوكر"
"thookwu","تهوكوؤ"
"thukwu","تهوكوؤ"
"thejelu","تهيجيلو"
"thairwu","تهيروؤ"
"theek","تهيك"
"theli","تهيلي"
"tahaafut","تهافت"
"tehleel","تهليل"
"tohmat","تهمة"
"tahaiyo","تهيّؤ"
"tawaabeen","توابين"
"tawazo","تواضع"
"tuwaal","توال"
"tawba","توبة"
"tawbeekh","توبيخ كروؤ"
"tootwu","توتوؤ"
"toup","توپ"
"topi","توپي"
"tawajjoh","توجه"
"tawjeeh-tawjeehaat","توجيه-توجيهات"
"torwu","توروؤ"
"tawassul","توسل"
"tawsee'","توسيع"
"towshoh","توشه"
"tawfeeq","توفيق"
"tawqeer","توقير"
"tokri","توكري"
"tawakkul","توكل"
"tawalli kerwu","تولي كروؤ"
"tipo-tipa/tipao","تيپو-تيپا/تيپاؤ"
"teerwu","تيروؤ"
"taiz","تيز"
"teiz raftaar","تيز رفتار"
"taiz nigah","تيز نگاه"
"tayammonan","تيمّناً"
"tayammum","تيمم"
"taink","تينك"
"tewaare","تيوارے"
"thabit","ثابت"
"thara","ثرىْ"
"thuraiyya","ثريا"
"thareed","ثريد"
"thaqaafat","ثقافة"
"theqat","ثقة"
"theqal","ثقل"
"thaqeel","ثقيل"
"tholotha","ثلثاء"
"thamar","ثمر/ ثمرة-ثمار"
"thanaa","ثناء"
"thawaab","ثواب"
"jabaja","جابجا"
"jahid-jahood,jaahedeen","جاحد-جَحود،جاحدين"
"jaadu","جادو"
"jaadugar","جادوگر"
"jaar","جار"
"jaari","جارٌي"
"jaari","جاري"
"jaariyat","جارية"
"jaariya saariya","جارية سارية"
"jaazam","جازم"
"jaasus","جاسوس"
"jaasusi","جاسوسي"
"jaagwu","جاگوؤ"
"jaagir","جاگير"
"jaal","جال"
"jaalwu","جالوؤ"
"jaam","جام"
"jaame'","جامع"
"jaame' masjid","جامع مسجد"
"jaan-jaano","جان-جانو"
"jaanib-jawanib","جانب-جوانب"
"jaanjwo","جانجوو"
"jaandaar","جاندار"
"jaansoz","جانسوز"
"jaanesheen","جانشين"
"jaanfeshani","جانفشاني"
"jaanwar","جانور"
"jaanwu","جانوؤ"
"jaani joi ne","جاني جوئي نے"
"jaahil","جاهل"
"jaahiliyat","جاهلية"
"jaawetri","جاوتري"
"jaawedaani","جاوداني"
"jaawu","جاوؤ"
"jaaiz","جائز"
"jaaifal","جائفل"
"jabran","جبراً"
"jabr kerwu","جبركروؤ"
"jibraeel","جبرئيل"
"jabhat","جبهة"
"jabal-jibaal","جبل-جبال"
"jibillat","جبلة"
"jitnu","جتنو"
"jussat","جثة"
"japwu","جپوؤ"
"juhood","جحود"
"jad","جد"
"jad e amjad","جد امجد"
"jid o johod","جد و جهد"
"judaa","جدا"
"jadeed","جديد"
"juzaam","جذام"
"jazba, jazbo","جذبه"
"jer","جر"
"jur'at","جرأة"
"jirjir ni bhaaji","جرجير ني بهاجي"
"juz","جزء"
"jaza","جزاء"
"jaza' faza'","جزع فزع كروؤ"
"jazirah","جزيرة"
"jazeel","جزيل"
"justaju","جستجو"
"jasad","جسد-اجساد"
"jism","جسم-اجسام"
"jismaaniyat","جسمانية"
"jaseem","جسيم"
"jashan","جشن"
"jaha","جهاں"
"jahaan","جهان"
"johod","جهد"
"jahran","جهراً"
"jahwari","جهوري"
"jograafi","جغرافي"
"jafaa","جفاء"
"jugaar","جگار"
"jagat","جگت"
"jigar gosha","جگر گوشه"
"jigri doost","جگري دوست"
"jagah","جگه"
"jilaa","جلاء"
"jallaad","جلاد"
"jalaal","جلال"
"jald az jald","جلد از جلد"
"jaldi","جلدي"
"jalan","جلن"
"jalwo","جلوه"
"jalwa afroz","جلوه افروز تهاوؤ"
"jalwa gar","جلوه گر تهاوؤ"
"jalwa numa","جلوه نما تهاوؤ"
"jalwu","جلوؤ"
"jali","جلي"
"jalil","جليل"
"jamaadil ukhra","جمادى الاخرْى"
"jamaadil ulaa","جمادى الاولىْ"
"jamaarwu","جماروؤ"
"jima'","جماع"
"jamaa'at","جماعة"
"jamaal","جمال"
"jamaai","جمائي"
"jambaawu","جمباوؤ"
"jumbish","جمبش"
"jamhuriat","جمهورية"
"jama'","جمع"
"jama' kerwu","جمع كروؤ"
"jumo'a","جمعة"
"jumeraat","جمعرات"
"jumla","جملة"
"jaman","جمن"
"jamna","جمنا"
"jamwu","جموؤ"
"jameel","جميل"
"jin-jinnaat","جن-جنات"
"jana","جنا"
"janaab","جناب"
"janaabat","جنابة"
"janaaza","جنازه"
"janawu","جناوؤ"
"junnat","جنة"
"jannat","جنة-جنات"
"jang","جنگ"
"janam","جنم"
"junub","جنوب"
"janwu","جنوؤ"
"janeen","جنين"
"je","جه"
"jihaad","جهاد"
"jhaar","جهارٌ"
"jhaaru","جهارو"
"jahaalat","جهالة"
"jhaang","جهانگ"
"jhaankwu","جهانكوؤ"
"jhablo","جهبلو"
"jehat","جهة"
"juthaawu","جهتاوؤ"
"jhutlaawu","جهتلاوؤ"
"jharakwu","جهركوؤ"
"jharno","جهرنو"
"jharooka","جهروكا"
"jhagro","جهگرٌو"
"jhagraalu","جهگرالو"
"jhagru","جهگرو"
"jhukwu","جهكوؤ"
"jhilli","جهلّي"
"jehel","جهل"
"jhalak","جهلك"
"jhalakwu","جهلكوؤ"
"jhanjheerwu","جهنجهيروؤ"
"jahannam","جهنم"
"jhoot banaawat","جهوت بناوت"
"jhoot","جهوضض"
"jhoko","جهوكو"
"jhula","جهولا"
"jhulwu","جهولوؤ"
"jhili lewu","جهيلي ليوؤ"
"jawaab","جواب"
"jiwaar","جوار"
"jawaan","جوان"
"juta","جوتا"
"jud","جود"
"jor","جور"
"jour","جور"
"joraan","جوران"
"jorailu","جورائيلو"
"joro-jorao","جورو-جوراؤ"
"jorwu","جوروؤ"
"joosh","جوش"
"joq der joq","جوق در جوق"
"jokham","جوكهم"
"juni","جوني"
"johar","جوهر"
"joeiye","جوئيے"
"jiyaare","جيارے"
"jeet","جيت"
"jeeraan","جيران"
"jaim","جيم"
"jiw","جيو"
"jiw jaan","جيو جان"
"jewaa","جيوا"
"jewaare","جيوارے"
"haajat","حاجة-حاجات/حوائج"
"haajat mand","حاجة مند"
"haashiyah","حاشية"
"haasil","حاصل"
"haasil husul","حاصل حصول"
"haazri","حاضري"
"haafiz","حافظ"
"haafiz ul quran","حافظ القران"
"haakim","حاكم"
"haal","حال"
"haalaake","حالانكه"
"haalat","حالة-حالات"
"haamela","حاملة"
"haawi","حاوي"
"haaez","حائز"
"hub","حب"
"habbat-habbaat","حبة-حبات"
"hablullah","حبل الله"
"hable mateen","حبل متين"
"hatta ke","حتىْ كه"
"haj","حج"
"hijaab-hujub","حجاب-حجب"
"hujjaaj","حجاج"
"hujjat","حجة"
"hajar","حجر"
"hajar ul aswad","حجر الاسود"
"hujra","حجرة"
"had-hudood","حد-حدود"
"hadd qaim kerwu","حد قائم كروؤ"
"hadas","حدث"
"hudood kiraam","حدود    كرام"
"hudood fozola","حدود فضلاء"
"hadiyat","حدية"
"hadeeth","حديث-احاديث"
"hur","حر"
"heraasat","حراسة"
"haraam","حرام"
"harb-huroob","حرب-حروب"
"haraj","حرج"
"harasat-hurraas","حرسة-حراس"
"hirs","حرص"
"harf-huruf","حرف-حروف"
"harakat-harakaat","حركة-حركات"
"haram","حرم"
"hurmat","حرمة"
"haramain","حرمين"
"hurriyat","حرية"
"hazam","حزم"
"huzun","حزن"
"his","حس"
"hisaab","حساب"
"husaam","حسام"
"hasad","حسد"
"husn","حسن"
"husn ul ittefaaq","حسن الاتفاق"
"husn ul bayaan","حسن البيان"
"husn ut taba'ul","حسن التبعل"
"husn uz zikr","حسن الذكر"
"husn ul qabool","حسن القبول"
"hasanat","حسنة-حسنات"
"haseen","حسين"
"hashar","حشر"
"hisaar","حصار"
"hisn-husoon","حصن-حصون"
"hisso, hissa","حصه-حصه ؤ"
"hazrat","حضرة"
"hazrat aaliya","حضرة عالية"
"huzure aa'la","حضور اعلىْ ط ع"
"huzuri","حضوري"
"haz-huzuz","حظ-حظوظ"
"haz e wafir","حظ وافر"
"hifaazat","حفاظة"
"hifz","حفظ"
"hafazat","حفظة"
"haflat","حفلة"
"hafeed","حفيد"
"haq","حق"
"haq-huquq","حق- حقوق"
"haqeer","حقير"
"haqiqat-haqaeq","حقيقة-حقائق"
"haqiqi","حقيقي"
"hikaayat","حكاية-حكايات"
"hukum-ahkaam","حكم-احكام"
"hikmat","حكمة"
"hukoomat","حكومة"
"hakeem","حكيم"
"hal kerwu","حل كروؤ"
"halaal","حلال"
"halq","حلق"
"halqa","حلقة"
"hulqoom","حلقوم"
"hilm","حلم"
"hulum","حلم"
"himaayat","حماية"
"hamd","حمد"
"hamal","حمل"
"hamla, hamlo","حملة"
"hamalat ul arsh","حملة العرش"
"hamla war thawu","حملة ور تهاوؤ"
"hamiyat","حمية"
"haneef","حنيف"
"haneen","حنين"
"hawaas","حواس"
"hur-huro","حور-حورو"
"hur ul een","حور العين"
"hosla-o","حوصله"
"hoz","حوض"
"hoze kausar","حوض كوثر"
"hol","حول"
"haweli","حويلي"
"hai","حي"
"haya","حياء"
"hayaat","حياة"
"hayaati","حياتي"
"hesiyat","حيثية"
"heraangi","حيرانگي"
"heraat","حيرة"
"haiz","حيض"
"heela","حيلة"
"haywaan","حيوان-حيوانات"
"hayaat tayeba","حيوة طيبة"
"khaatam","خاتَم"
"khaatim","خاتم"
"khaatemat","خاتمة"
"khaatun","خاتون"
"khaadim","خادم"
"khaareji","خارجي"
"khaas","خاص"
"khaassatan","خاصةً"
"khaasiyat","خاصية"
"khaatir","خاطر"
"khaater","خاطر"
"khaafeqa","خافقة"
"khaafeqain","خافقين"
"khaaqaani","خاقاني"
"khaak","خاك"
"khaak e shifa","خاك شفاء"
"khaalis","خالص"
"khaaliq","خالق"
"khaali","خالي"
"khaam","خام"
"khamoshi","خاموشي"
"khaami","خامي"
"khaandaan","خاندان"
"khaangi","خانگي"
"khaawind","خاوند"
"khabar","خبر"
"khubrat","خبرة"
"khaberdaar","خبردار"
"khabees-khobosaa","خبيث-خبثاء"
"khitaam","ختام"
"khataanat","ختانة"
"khatam","ختم"
"khajil thawu","خجل تهاوؤ"
"khuda ta'alaa","خدا  تعالى"
"khuda na khuwaasta","خدانخواسته"
"khidmat","خدمة"
"khadi'at","خديعة"
"kharaab","خراب"
"khuraafat","خرافة"
"kharach","خرچ"
"kharcho","خرچوؤ"
"khiradmand","خردمند"
"khareedwu","خريدوؤ"
"khareef","خريف"
"khuzada","خزاده"
"khizaa","خزاں"
"khazaanchi","خزانچي"
"khazaana, khazaano","خزانه"
"khasta haal","خسته حال"
"khusraan","خسران"
"khusoof","خسوف"
"khushki","خشكي"
"khushu","خشوع"
"khashiyat","خشية"
"khasf kerwu","خصف كروؤ"
"khaslat-khisaal/khasaail","خصلة-خصال/خصائل"
"khususan","خصوصاً"
"khusumat","خصومة"
"khidaab","خضاب"
"khuzu","خضوع"
"khat","خط"
"khata-khatiyaat/khataya","خطاء-خطيّات/خطايا"
"khitaab","خطاب"
"khitaabat","خطابة"
"khatb-khutoob","خطب-خطوب"
"khutba","خطبة"
"khatro","خطره"
"khafaa","خفاء"
"khafgi","خفگي"
"khafi","خفي"
"khulaasa","خلاصة"
"khilaafat","خلافة"
"khalad","خلد"
"kholosa","خلصاء"
"khalaf","خلف"
"khuluq","خلق"
"khilqat-khalaiq","خلقة-خلائق"
"khalal","خلل"
"khalwat","خلوة"
"khuloos","خلوص"
"khalooq","خلوق"
"khalifa-kholofa","خليفة-خلفاء"
"khalil","خليل"
"khamar","خمر"
"khumus","خمس"
"khamsat athaar","خمسة اطهار"
"khamyaazo","خميازو"
"khamira","خميرة"
"khamees","خميس"
"khanjar","خنجر"
"khandaq","خندق"
"khinzeer","خنزير"
"khuwaab","خواب"
"khuwaab gah","خواب گاه"
"khuwaar","خوار"
"khuwaari","خواري"
"khuwahish","خواهش"
"khoob howu","خوب هوؤ"
"khoobsurat","خوبصورة"
"khoobi","خوبي-خوبيو"
"khud","خود"
"khud ba khud","خود بخود"
"khush nasibi","خوش نصيبي"
"khushbu","خوشبو"
"khushhaal","خوشحال"
"khushkhabri","خوشخبري"
"khusgawaar","خوشگوار"
"khushmohi","خوشموهي"
"khushnuma","خوشنما"
"khushi","خوشي"
"khouf","خوف"
"khoufnaak","خوفناك"
"khoon","خون"
"khoonrezi","خون ريزي"
"khayaal","خيال"
"khayaanat","خيانة"
"khair","خير"
"khair khwa","خير خواه"
"khairaat","خيرات"
"khail","خيل"
"khayma, khaymo","خيمة-خيام"
"khaimagah","خيمة گاه"
"chaatwu","چاتوؤ"
"chaader","چادر"
"chaarsu","چارسو"
"chaaro","چارو"
"chaari khaawu","چاري كهاوؤ"
"chaak kerwu","چاك كروؤ"
"chaakheri","چاكهري"
"chaakho","چاكهوؤ"
"chaal","چال"
"chaal chalan","چال چلن"
"chaal dhaal","چال دهال"
"chaalaak","چالاك"
"chaalu kerwu","چالوكروؤ"
"chaamru","چامرو"
"chaamri","چامري"
"chaanch","چانچ"
"chaand","چاند"
"chaandi","چاندي"
"chaahwu","چاهوؤ"
"chaawal","چاول"
"chaawu","چاوؤ"
"chaawi","چاوي"
"chabaawu","چباوؤ"
"chup rehwu","چپ رهوؤ"
"chappal","چپل"
"chatto","چتّو"
"chitaarwu","چتاروؤ"
"chataan","چتان"
"chitthi","چتهي"
"charho","چرٌهوؤ"
"chiraag","چراغ"
"chercha","چرچا"
"charindah","چرنده"
"cherhaai kerwu","چرهائي كروؤ"
"charhi ne aawu","چرهي نے اٰوؤ"
"chaspaa kerwu","چسپا كروؤ"
"chasma","چشمة"
"chugul khori","چغل خوري"
"chugli","چغلي"
"chakki","چكّي"
"chiken","چكن"
"chalu jaawu","چلو جاوؤ"
"chalwu","چلوؤ"
"chamak","چمك"
"chamakwu","چمكوؤ"
"chaman","چمن"
"chand","چند"
"chanda chand","چندا چند"
"chanderma","چندرما"
"chingari","چنگاري"
"chunanda","چننده"
"chunwu","چنوؤ"
"chaati","چهاتي"
"chaapwu","چهاپوؤ"
"chaak","چهاك"
"chaan","چهان"
"chaanto","چهانتو"
"chaai jawu","چهائي جاوؤ"
"chabwu","چهبوؤ"
"chat","چهت"
"chutta","چهتّا"
"chatti","چهتّي"
"chatri","چهتري"
"chutkaro","چهتكارو"
"chutko","چهتكو"
"chupwu","چهپوؤ"
"churaawu","چهراوؤ"
"charakwu","چهركوؤ"
"churi","چهري"
"chilai jaawu","چهلائي جاوؤ"
"chilka","چهلكا"
"chalni kerwu","چهلني كروؤ"
"chilwu","چهلوؤ"
"choot","چهوت"
"chota","چهوتا"
"chootpan","چهوتپن"
"chuti jaawu","چهوتي جاوؤ"
"chupeylu, chupeylo","چهوپيلو"
"chorwu","چهوروؤ"
"chokra","چهوكرا"
"chokri","چهوكري"
"cheterpindi","چهيتر پندي"
"cheterwu","چهيتروؤ"
"chidi naakhwu","چهيدي ناكهوؤ"
"chero","چهيرو"
"cheele","چهيلے"
"cheylu, cheylo","چهيلو"
"cheenk","چهينك"
"cheenwu","چهينوؤ"
"chehra","چهره"
"chehlum","چهلم"
"chor","چور"
"choraan","چوران"
"chorus","چورس"
"choro","چورو"
"chori","چوري كروؤ"
"chooswu","چوسوؤ"
"cho taraf","چوطرف"
"choka","چوكا"
"chogird","چوگرد"
"chokhai","چوكهائي"
"chokkhu","چوكهو"
"chokibaan","چوكي بان"
"choki dewu","چوكي ديوؤ"
"choomo","چوموؤ"
"chitaawu","چيتاوؤ"
"chiterwu","چيتروؤ"
"chital","چيتل"
"chikhwu","چيخوؤ"
"chirwu","چيروؤ"
"cheez","چيز"
"check kerwu","چيك كروؤ"
"chain","چين"
"daabbat","دابة"
"daaba","دابو"
"daataar","داتار"
"daatan","داتن"
"daakhil","داخل"
"daadaa","دادا"
"daader","دادر"
"daadi","دادي"
"daar","دار"
"daari","دارٌهي"
"daar ul aakherat","دار الاخرة"
"daar ul khilaafat","دار الخلافة"
"daar us salaam","دارالسلام"
"daaram","دارم"
"daaro madaar","دارو مدار"
"daarain","دارين"
"daastaan","داستان"
"daai","داعي"
"daais satr","داعي الستر"
"daail asar","داعي العصر"
"daag","داغ"
"daakter","داكتر"
"daal","دال"
"daali-daalio","دالي-داليو"
"daam","دام"
"daamer","دامر"
"daaman","دامن"
"daana","دانا"
"daant","دانت"
"daang","دانگ"
"daana-daanaao","دانه-داناؤ"
"daayo","دايو"
"daaeraa, daaero","دائراة"
"daaem","دائم"
"disaar","دثار"
"dukhtar","دختر"
"dukhter","دختر"
"dakhal","دخل"
"dakhal andaazi","دخل اندازي"
"der","در"
"dur-durar","در-درر"
"dirrah","درّة"
"daraaz","دراز"
"darahaal","درانحال"
"darbaar","دربار"
"darbaan","دربان"
"darbadar","دربدر"
"darajah-darajaat","درجة-درجات"
"darakht","درخت"
"dard","درد"
"dardnaak","دردناك"
"darzi","درزي"
"durust kerwu","درست كروؤ"
"dir'a","درع"
"darguzar","درگذر"
"darmiyaan","درميان"
"darinda","درنده"
"dirham","درهم"
"darwaaza, darwaazo","دروازه"
"daro diwaar","دروديوار"
"durwaish","درويش"
"darya","دريا"
"darees","دريس"
"dast","دست"
"dastakhat","دستخط"
"dastoor","دستور"
"dastoor ul amal","دستور العمل"
"dushman","دشمن"
"dushwaar","دشوار"
"dushwaargi","دشوارگي"
"dua","دعاء"
"duaat mutlaqeen","دعاة    مطلقين"
"da'aamat","دعامة-دعائم"
"daawat","دعوة"
"da'wo","دعوىْ"
"daga saazi","دغا سازي"
"dagal saazi","دغل سازي"
"dafter","دفتر"
"dafe'","دفع"
"dafan","دفن"
"daqeeq","دقيق"
"daqeeq o jaleel","دقيق و جليل"
"dukaal","دكال"
"dukaan","دكان"
"dikro","دكرو"
"dikri","دكري"
"dagle pagle","دگلے پگلے"
"dil","دل"
"dilbar","دلبر"
"dilband","دلبند"
"dulha","دلها"
"dulhan","دلهن"
"daleel","دليل"
"dum","دم"
"dam ma dam rehwu","دم ما دم رهوؤ"
"dimaag","دماغ"
"dam'e","دمع"
"din","دن"
"dombo","دنبو"
"dunya","دنيا"
"dhaar","دهار"
"dhaal","دهال"
"dhaalwu","دهالوؤ"
"dhaancha","دهانچه"
"dhaankwu","دهانكوؤ"
"dhab","دهب"
"dharaai jaawu","دهرائي جاوؤ"
"dhurajwu","دهرجوؤ"
"dahriyat na logo","دهرية نا لوگو"
"dhulaawu","دهلاوؤ"
"dohlaai","دهلائي"
"dhali jaawu","دهلي جاوؤ"
"dehleez","دهليز"
"dhanppaaelu","دهمپائلو"
"dhamkaawu","دهمكاوؤ"
"dhamki","دهمكي"
"dhani","دهني"
"dhoop","دهوپ"
"dhor","دهور"
"dhoka bazi","دهوكا بازي"
"dhool","دهول"
"dhoolni","دهولني"
"dholwu","دهولوؤ"
"dhoondo","دهوندوؤ"
"dhowu","دهوؤ"
"dahi","دهي"
"dheyan","دهيان"
"dhiraj raakhwu","دهيرج راكهوؤ"
"dhilu","دهيلو"
"dhimey dhimey","دهيمے دهيمے"
"dhimey si","دهيمے سي"
"dawaa","دواء"
"dawaat","دواة"
"dobaara","دوباره"
"dubki","دوبكي"
"dublo","دوبلو"
"dubwu","دوبوؤ"
"dupatta","دوپته"
"dopaher","دوپهر"
"do jahaan","دوجهاں"
"doodh","دودهـ"
"dudhi","دودهي"
"dowr","دور"
"door","دور"
"dowr us satr","دور الستر"
"dowrwu","دوروؤ"
"doori","دوري"
"dozakh","دوزخ"
"dost","دوست"
"doshaalo","دوشالا"
"dowal","دوَل"
"dolaab","دولاب"
"doulat","دولة"
"dolatmand","دولتمند"
"dun","دون"
"dunti","دونتي"
"dunchaa","دونچا"
"diyaanat","ديانة"
"diyaanatdaari","ديانتداري"
"deedaar","ديدار"
"dair/dairi thawu","دير/ديري تهاوؤ"
"daish nikaalo","ديش نكالو"
"dekhaaw","ديكهاؤ"
"dekhwu","ديكهوؤ"
"dain","دين"
"deen","دين"
"dinaar","دينار"
"deedaar","ديندار"
"diwaar","ديوار"
"diwaan","ديوان"
"diwo","ديوو"
"dewu","ديوؤ"
"zaat-zawaat","ذات-ذوات"
"zabeh kerwu","ذبح كروؤ"
"zabeehat","ذبيحة"
"zukhur","ذخر"
"zakheera, zakheero","ذخيرة"
"zarra","ذرّة"
"zara","ذره"
"zara bhi","ذره بهي"
"zara si","ذره سي"
"zirwat","ذروة"
"zurriyat","ذريّة"
"zari'a, zari'o","ذريعة"
"zakaa","ذكاء"
"zukaa","ذكاء"
"zikr","ذكر"
"zikra","ذكرىْ"
"zaki","ذكي"
"zillat","ذلة"
"zalil","ذليل"
"zimme daari","ذمة داري"
"zehen","ذهن"
"zehen nasheen","ذهن نشين"
"zaheen","ذهين"
"zuwaabat","ذوابة"
"zul faqaar","ذوالفقار"
"zawq","ذوق"
"zouq","ذوق"
"zouq e saleem","ذوق سليم"
"zil hajjatul haraam","ذي الحجة الحرام"
"zil qa'datul haraam","ذي القعدة الحرام"
"raat","رات"
"raaj","راج"
"raaja","راجا"
"raajeh","راجح"
"raahat","راحة"
"raaz","راز"
"raaziq","رازق"
"raasta, raasto","راسته"
"raasikh","راسخ"
"raadi","راضي"
"raafdi","رافضي"
"raakib","راكب"
"raakho","راكهوؤ"
"raani","راني"
"raah","راه"
"raawat","راوت"
"raawi","راوي"
"raayat-raayaat","راية-رايات"
"raaij","رائج"
"raai","رائي"
"raas","رأس"
"raafat","رأفة"
"rab","رب"
"rubbaan","ربّان"
"ribeh","ربح"
"riba","ربىْ"
"rabi'","ربيع"
"rabi ul aakher","ربيع الاخر"
"rabi ul awwal","ربيع الاول"
"report","رپورت"
"rutba","رتبة"
"rajab al asab","رجب الاصب"
"rujhaan","رجحان"
"rajiz","رجز"
"rajiz","رجس"
"rijl","رجل"
"rajul-rijaal","رجل-رجال"
"rajam","رجم"
"ruju'","رجوع"
"rachna","رچنا"
"rehlat","رحلة"
"rehlat ilmiyah","رحلة علمية"
"rahem","رحم"
"rehmat","رحمة"
"rehmat mushakh-khasa","رحمة مشخصة"
"raheem","رحيم"
"rukhsaar","رخسار"
"rukhsat","رخصة"
"rad","رد"
"rida","رداء"
"razilat-razaail","رذيلة-رذائل"
"raza","رزا"
"rizq","رزق-ارزاق"
"ras","رس"
"rassi","رسّي"
"risaalat","رسالة"
"risaalat-rasaail","رسالة-رسائل"
"rasam","رسم"
"ruswaai","رسوائي"
"rasool-rusul","رسول-رسل"
"rasool ullah","رسول الله"
"rishta, rishto","رشته"
"rishte daar","رشته دار"
"rushd","رشد"
"rashk kerwu","رشك كروؤ"
"rishwat","رشوة"
"rasheed","رشيد"
"rada'at","رضاعة"
"ridwaan ul allah alaihe","رضوان الله عليه"
"ridaa","رضىْ"
"rotab","رطب"
"ratal","رطل"
"ru'aat","رعاة"
"ra'eeyat","رعية"
"ragbat","رغبة-رغائب"
"raftaar","رفتار"
"raftaar guftaar","رفتار گفتار"
"rifq","رفق"
"rafu","رفو"
"rafu gar","رفوگر"
"rafee'","رفيع"
"rafeeq","رفيق"
"raqabat-raqabaat","رقبة-رقبات"
"riqqat","رقة"
"ruqaa'","رقعة"
"raqam","رقم"
"raqeeb","رقيب"
"riqaab","ركاب"
"rak'at-raka'aat","ركعة-ركعات"
"rug","رگ"
"rugraa","رگرا"
"rukun","ركن"
"rukn e rakeen","ركن ركين"
"rakhopaa","ركهوپا"
"rukoo'","ركوع"
"rummaan","رمّان"
"ramad","رمد"
"ramz","رمز"
"ramadaan ul moazzam","رمضان المعظم"
"ramo","رموؤ"
"ran","رن"
"rang","رنگ"
"rihaaish","رهائش"
"rehbar","رهبر"
"rehen","رهن"
"rehen sehen","رهن سهن"
"rehnumaai","رهنمائي"
"rehwa do","رهوا دو"
"rehwu","رهوؤ"
"rawaa","روا"
"rawaadaari","روا داري"
"riwaaj","رواج"
"rawaa","رواں"
"ruwaaq","رواق"
"rawaani","رواني"
"riwaayat","رواية"
"roti","روتي"
"rupaa","روپا"
"rupaalo","روپالو"
"rupya","روپيه"
"ruh","روح"
"ruh ul ameen","روح الامين"
"rohaani","روحاني"
"rooz","روز"
"roozaana","روزانه"
"roozgaar","روزگار"
"roza, rozu","روزه"
"","روزي"
"roshan","روشن"
"roshni","روشني"
"roudat","روضة"
"rukaawat","روكاوت"
"roug","روگ"
"rookwu","روكوؤ"
"rumaal","رومال"
"roowu","روؤ"
"raoof","روؤف"
"raweewaar","رويوار"
"ro'yaa","رؤيا"
"riya-riyaai","رياء/ريائي"
"riyaasat","رياسة"
"riyaazat","رياضة"
"reet","ريت"
"reet riwaaj","ريت رواج"
"raiti","ريتي"
"reeh","ريح"
"raihaan-raihaanat","ريحان-ريحانة"
"reerh ni haddi","ريرهـ  ني هدي"
"rairwu","ريروو"
"raisham","ريشم"
"reekhwu","ريكهوؤ"
"raees","رئيس-رؤساء"
"raees ul jamhuriyah","رئيس الجمهورية"
"raees ul wozora","رئيس الوزراء"
"zaad","زاد"
"zaar zaar","زار زار"
"zaahir","زاهر"
"zaveyat-zavaayaa","زاوية-زوايا"
"zaair-zaaireen","زائر-زائرين"
"zaail","زائل"
"zabaan","زبان"
"zabaani","زباني"
"zubdah","زبدة"
"zabardast","زبردست"
"zaboor","زبوز"
"zehmat","زحمة"
"zakh-khaar","زخّار"
"zakham","زخم"
"zarkhaiz","زرخيز"
"za'faraan","زعفران"
"za'am","زعم"
"zaeem","زعيم"
"zakaat","زكوة"
"zaki","زكي"
"zulaal","زلال"
"zalzala-zalaazil","زلزلة-زلازل"
"zulfa","زلفىْ"
"zimaam","زمام"
"zamaan","زمان"
"zamana","زمانه"
"zumra","زمرة"
"zamarrud","زمرد"
"zamzam","زمزم"
"zomolaa","زملاء"
"zameen","زمين"
"zindagi","زندگي"
"zinda","زنده"
"zang","زنگ"
"zohod","زهد"
"zeher","زهر"
"zohrah","زهرة"
"zehreelu","زهريلو"
"zahe naseeb","زهے نصيب"
"zawaaj","زواج"
"zawaal","زوال"
"zowj","زوج"
"zowjat","زوجة"
"zour","زور"
"ziyaada","زيادة"
"ziyaada ma ziyaada","زيادة ما زيادة"
"ziyaadti","زيادتي"
"ziyaarat","زيارة"
"zaibaaish","زيبائش"
"zaitoon","زيتون"
"zair e ta'meer","زير تعمير"
"zere tan kerwu","زير تن كروؤ"
"zair e dast","زير دست"
"zair kerwu","زير كروؤ"
"zair e nazar","زير نظر"
"zeen","زين"
"zeenat","زينة"
"zewar","زيور"
"saabe ul ashhaad","سابع الاشهاد"
"saabiq","سابق"
"saath","ساتهـ"
"saathe","ساتهے"
"saathi","ساتهي"
"saahat","ساحة"
"saahil","ساحل"
"saadgi","سادگي"
"saadah","ساده"
"saari","ساري"
"saazish","سازش"
"saazwaar","سازوار"
"saasu","ساسو"
"saa'at","ساعة"
"saaq","ساق"
"saaqi","ساقي"
"saaqi","ساقي كوثر"
"saaken ul jaash","ساكن الجاش"
"saal","سال"
"saalgira","سالگره"
"saamaan","سامان"
"saamne","سامنے"
"saamno kerwu","سامنو  كروؤ"
"saami","سامي"
"saanp","سانپ"
"saanj","سانج"
"saandhaao","ساندهاؤ"
"saas","سانس"
"saankri","سانكري"
"saankli","سانكلي"
"saayo","سايو"
"saaeg","سائغ"
"saail","سائل"
"sab o shitam","سب و شتم"
"sabaaqat","سباقة"
"sibaal","سبال"
"sabab","سبب"
"sabt","سبت"
"sabzi","سبزي"
"sibt-asbaat","سبط-اسباط"
"sabaq","سبق"
"sabeel","سبيل"
"sipaahi","سپاهي"
"supurd kerwu","سپرد كروؤ"
"sapnu","سپنو"
"sipah saalaar","سپه سالار"
"sitaara","ستارا"
"sataawu","ستاوؤ"
"satar","ستر"
"sitam","ستم"
"sajaawu","سجاوؤ"
"sajda-sajadaat, sujood","سجدة-سجدات،سجود"
"sijil","سجل"
"sijin","سجن"
"sijjeen","سجين"
"sach","سچ"
"sihori","سحوري"
"sakhaafat","سخافة"
"sakhaawat","سخاوة"
"sakhti","سختي"
"sakhi","سخي"
"sach chaawu","سچّاوؤ"
"sach chaai","سچائي"
"sada","سدا"
"sud","سدهـ"
"sidhaara","سدهارا"
"sudhaarwu","سدهاروؤ"
"sir","سر"
"saraapaa","سراپا"
"saraser","سراسر"
"saraaweel","سراويل"
"sardaar","سردار"
"sardi","سردي"
"sarsaai","سرسائي"
"sar sabz","سرسبز"
"sur'at","سرعة"
"serfaraaz","سرفراز"
"sarkha","سركها"
"sarko","سركو"
"sarmadi","سرمدي"
"surma","سرمه"
"sirhaane","سرهانے"
"sarwaalah","سرواله"
"service","سروس"
"sarelu","سريلو"
"saza","سزا"
"sust","سـست"
"susti","سـستي"
"sasraa","سـسرا"
"sateh","سطح"
"satar-sutoor","سطر-سطور"
"sa'aadat","سعادة"
"sa'at","سعة"
"sa'ye","سعي"
"saeer","سعير"
"sifaarish","سفارش"
"safar","سفر-اسفار"
"safra, safro","سفرة"
"safarjal","سفرجل"
"safaid","سفيد"
"safina","سفينة"
"sukkaan","سكّان"
"sikka-sekak","سكّه-سكـك"
"sikat","سكت"
"sukur","سكر"
"suknaa","سكنىْ"
"sikhaaman","سكهامن"
"sukoot","سكوت"
"sikkeen","سكين"
"sakinat","سكينة"
"sigaarait","سگاريت"
"sagla","سگلا"
"sal","سل"
"silaah","سلاح"
"sulaalat","سلالة"
"salaam","سلام"
"salaamat howu","سلامة هوؤ"
"salaamti","سلامتي"
"salhafat","سلحفة"
"silsila, silsilo","سلسلة"
"sultaan-salaateen","سلطان-سلاطين"
"saltanat","سلطنة"
"salaf","سلف"
"silgaawu","سلگاوؤ"
"sulook","سلوك"
"simaat","سماط"
"samaawu","سماوؤ"
"samaawi","سماوي"
"simat-simaat","سمة-سمات"
"samajh","سمجهـ"
"samajhdaar","سمجهدار"
"sumran","سمرن"
"sa'an wa taa-atan","سمعاً و طاعةً"
"sambhaalo","سنبـهالوؤ"
"sanat","سنة"
"sunnat-sunan","سنة-سنن"
"sanad","سند"
"sansthaa","سنستها"
"sunehri zamaan","سنهري زمان"
"sang e marmar","سنگ مرمر"
"sanghaat","سنگهات"
"sawaarwu","سنواروؤ"
"sunwu","سنوؤ"
"sanicher","سنيچر"
"saniwaar","سنيوار"
"sahaaraa","سهارا"
"sehlaai","سهلائي"
"sahooliyat","سهولية"
"sehaam","سهام"
"sehel","سهل"
"sehen kerwu","سهن كروؤ"
"sahi lewu","سهي ليوؤ"
"saheli","سهيلي"
"sawaad","سواد"
"sawaarwu","سوار"
"sawaari","سواري"
"suwawar","سواور"
"suwaal","سوأل-اسئلة"
"sooch","سوچ"
"soochwu","سوچوؤ"
"sodo","سودو"
"sur","سور"
"soorat-suwar","سورة-سور"
"sooraj","سورج"
"su kaam","سوں كام"
"sukhawu","سوكهاوؤ"
"sukho","سوكهو"
"sulaawu","سولاوؤ"
"suli","سولي"
"somwaar","سوموار"
"sonpwu","سونپوؤ"
"sungho","سونگهوؤ"
"sonu","سونو"
"suwu","سوؤ"
"siwa","سوىْ"
"sui","سوئي"
"siyaahat","سياحة"
"siyaadat","سيادة"
"saiyaarah-saiyaaraat","سيارة-سيارات"
"siyaasat","سياسة"
"siyaaq","سياق"
"saib","سيب"
"seep","سيپ"
"sayyed","سيد-سادات"
"saidaani-saidaaniyo","سيداني-سيدانيو"
"syedna","سيدنا"
"seedhu","سيدهو"
"sair","سير"
"sair o sairaab","سير و سيراب"
"sairaab","سيراب"
"sirat","سيرة"
"saitarat","سيطرة"
"seekho","سيكهــوؤ"
"sekwu","سيكوؤ"
"simaa","سيما"
"saikro","سينكرو"
"seena","سينه"
"sinazani","سينه زني"
"siwu","سيوؤ"
"saiye'at-saiye'aat","سيئة-سيئات"
"shabaashi","شاباشي"
"shaadi","شاد"
"shaadi","شادي"
"shaair","شاعر-شعراء"
"shaakelat","شاكلة"
"shaamil","شامل"
"shaan","شان"
"shaandaar","شاندار"
"shahaana","شاهانه"
"shaahid","شاهد"
"shaahi","شاهي"
"shaayad","شايد"
"shaae'","شائع"
"shabaab","شباب"
"shitaabi","شتابي"
"shujaa'","شجاع"
"shajarat","شجرة"
"shehmi aankho","شحمي اٰنكهو"
"shakhs","شخص"
"shiddat","شدة"
"shadeed","شديد"
"shar","شر"
"sharaab","شراب"
"sharaabkhori","شراب خوري"
"sharbet","شربة"
"shurbat","شربة"
"sharat","شرط- شروط"
"sharq","شرق"
"shirkat","شركة"
"sharam","شرم"
"sharmaawu","شرماوؤ"
"sharminda","شرمنده"
"shuru","شروع"
"sharwo","شروو"
"sharwa","شروى"
"sharee'at","شريعة"
"shareek","شريك"
"shashdar","ششدر تهاوؤ"
"shehed","شهد"
"shehzada","شهزاده"
"sheaar","شعار"
"sha'baan ul kareem","شعبان الكريم"
"she'er","شعر"
"sha'sha aaniyah","شعشعانية"
"shagab","شغب"
"shugul-ashgaal","شغل-اشغال"
"shaffaaf","شفّاف"
"shifaa","شفاء"
"shafahi","شفهي"
"shafaqat","شفقة"
"shafee'","شفيع"
"shaqaawat","شقاوة"
"shaqi","شقي"
"shak","شك"
"shikaar","شكار"
"shikaari","شكاري"
"shikaayat","شكاية"
"shukur","شكر"
"shukran","شكراً"
"shukriya","شكريه"
"shikasta","شكسته"
"shakal","شكل"
"shikam","شكم"
"shakwa","شكوى"
"shumaar","شمار"
"shumaarag","شمارگ"
"shemaal","شمال"
"shamsh","شمس"
"shama'","شمع"
"shamal","شمل"
"shehsawaar","شه سوار"
"shahaadat","شهادة"
"shehri","شهري"
"sherhriyat","شهرية"
"shehzada","شهزاده"
"shehensha","شهنشاه"
"shohodaa","شهيد-شهداء"
"shawaarib","شوارب"
"shawwal ul mukarram","شوال المكرم"
"shor","شور"
"shouq","شوق"
"shouqeen","شوقين"
"shoher","شوهر"
"shaib","شيب"
"shaikhukhiyat","شيخوخية"
"shaidaai","شيدائي"
"shireen","شيريں"
"shisha","شيشه"
"shishi","شيشي"
"shaitaan","شيطان"
"shi'a","شيعة"
"shain","شين"
"shewa","شيوه"
"saabir","صابر"
"saaboon","صابون"
"saahib","صاحب"
"saaheb ul mo'jezaat","صاحب المعجزات"
"saadir kerwu","صادر كروؤ"
"sadiq-sadeqeen","صادق-صادقين"
"saaf","صاف"
"saaleh-saalehaat","صالح-صالحات"
"saamit","صامت"
"saaim","صائم"
"saber","صبر"
"sibgat","صبغة"
"sohbat","صحبة"
"sehat","صحة"
"sahra","صحراء"
"sehen","صحن"
"sahih","صحيح"
"sahifah","صحيفة"
"sada","صدا"
"sadaarat","صدارة"
"sadar","صدر"
"sudgain","صدغين"
"sadaf","صدف"
"sidq","صدق"
"sadaqa","صدقة"
"sadma","صدمة"
"sadi-sadyo","صدي-صديو"
"siraat","صراط"
"siraat e mustaqeem","صراط مستقيم"
"sarraaf","صراف"
"sarf","صرف"
"sirf","صرف"
"su-ood","صعود"
"sigaar","صغار"
"saf-sufoof","صف-صفوف"
"safaa","صفاء"
"safaai","صفائي"
"sifat","صفة-صفات"
"safar ul muzaffar","صفر  المظفر"
"safaqat","صفقة"
"safwat","صفوة"
"safwat us safw","صفوة الصفو"
"sikak","صكـك"
"salaah","صلاح"
"salaahiyat","صلاحية"
"silat","صلة"
"silat ul imaam","صلة الامام"
"silat ur rehem","صلة الرحم"
"suleh","صلح"
"sald","صلد"
"salawaat","صلوات"
"salaawaat ullahe alaihe","صلوات الله عليه"
"samt","صمت"
"sandook","صندوق"
"san'at","صنعة"
"soorat","صورة"
"soof","صوف"
"sayaam","صوم-صيام"
"saiyeb","صيّب"
"siyaanat","صيانة"
"seega","صيغة"
"zafiyah","ضافية"
"daal-daalleen","ضال-ضالّين"
"zaamin","ضامن"
"daan","ضان"
"zaye","ضائع كروؤ"
"zabt","ضبط"
"zid","ضد"
"ziddi","ضدّي"
"darb ul masal","ضرب المثل"
"darbat","ضربة"
"darse qaate' si perhe","ضرس قاطع"
"zarur","ضرور"
"zaroorat","ضرورة"
"zarurat mand","ضرورة مند"
"zaroori","ضروري"
"zarih mubaarak","ضريح مبارك"
"zuof","ضعف"
"da'eef","ضعيف"
"zamaanat","ضمانة"
"zimn","ضمن"
"zameer","ضمير"
"ziyaa","ضياء"
"ziyaa'","ضياع"
"daif-zuyuf","ضيف-ضيوف"
"deeq","ضيق"
"deeq ul sadr","ضيق الصدر"
"ta'at","طاعة"
"taagoot","طاغوت"
"taaqat","طاقة"
"taaqatwer","طاقة ور"
"taalib-tullaab","طالب-طلاب"
"talabatul ilm","طالب العلم"
"taalebaat","طالبات"
"taahir-taahereen","طاهر-طاهرين"
"taaerat","طائرة"
"taaefat","طائفة"
"tib","طب"
"tabe' kerwu","طبع كروؤ"
"tabaq","طبق"
"tabaqa-tabaqaat","طبقة-طبقات"
"tabeeb","طبيب"
"tabiyat","طبيعة"
"tarah","طرح"
"tarah tarah si","طرح طرح سي"
"tarah tarah na","طرح طرح نا"
"tarz","طرز"
"tirs-turoos","طرس-طروس"
"taraf","طرف"
"tarfat al ain","طرفة العين"
"tareeq-taraaiq","طريق-طرائق"
"tareeqa, tareeqo","طريقة"
"ta'aam","طعام"
"tugyaani","طغياني"
"tufail","طفيل"
"talaaq","طلاق"
"talab","طلب"
"talabat","طلبة"
"tal'at","طلعة"
"tulou","طلوع"
"tamaacho","طمانچه"
"tama'","طمع"
"tumoo'","طموع"
"tahaarat","طهارة"
"tawaaf","طواف"
"tubaa","طوبىْ"
"towr","طور"
"tufaan","طوفان"
"towq","طوق"
"tool","طول"
"tawwalallaho umrahu","طول الله عمره الشريف"
"taweel","طويل"
"tayyeb","طيّب"
"tayyul ard","طي الارض"
"tai kerwu","طي كروؤ"
"teeb","طيب"
"taibah","طيبة"
"tair-tuyoor","طير-طيور"
"taish","طيش"
"teen/teenat","طين/طينة"
"zaalim-zaalemeen/zalamat","ظالم-ظالمين،ظلمة"
"zaahir","ظاهر"
"zafaryaabi","ظفريابي"
"zil","ظل"
"zil le zaleel","ظل ظليل"
"zulm","ظلم"
"zulm o sitam","ظلم و ستم"
"zulmat-zolomaat","ظلمة-ظلمات"
"zan","ظن"
"zohar","ظهر"
"zaher","ظهر"
"zuhoor","ظهور"
"aajiz","عاجز"
"aadat","عادة"
"aadil-aadeleen","عادل-عادلين"
"aarif-aarefeen","عارف-عارفين"
"aashiq","عاشق"
"aashuraa","عاشوراء"
"aasemat","عاصمة"
"aasi","عاصي"
"aafiyat","عافية"
"aaqil","عاقل"
"aakif-aakefeen","عاكف-عاكفين"
"aalim","عالم"
"aalam","عالم"
"aalam ul ibdaa'","عالم الابداع"
"aalam ul amr","عالم الامر"
"aalam ul anwaar","عالم الانوار"
"aalam ul baqaa","عالم البقاء"
"aalam ul tabiaat","عالم الطبيعة"
"aalam ul gaib","عالم الغيب"
"aalam ul quds","عالم القدس"
"aalim e benazeer","عالم بے نظير"
"aalemeen","عالمين"
"aali/aalia","عالي/عالية"
"aam","عام"
"aammat un naas","عامّة الناس"
"aamil-ummaal","عامل-عمّال"
"aanat","عانة"
"aaiq thaawu","عائق تهاوؤ"
"aaiqat-awaaiq","عائقة-عوائق"
"ibaadullah","عباد الله"
"ibaadat ilmiyah","عبادة علمية"
"ibaadat amaliyah","عبادة عملية"
"abd-abeed","عبد-عبيد"
"abde syedna","عبد سيدناط ع"
"ibrat","عبرة"
"ubudiyat","عبودية"
"etaab kerwu","عتاب كروؤ"
"atabaat aaliyah","عتبات عالية"
"itrat","عترة"
"itq","عتق"
"ajaaib","عجائب"
"ajaaib ane garaaib","عجائب انے غرائب"
"ajab","عجب"
"ajab karaawu","عجب كراوؤ"
"ajz","عجز"
"ajam","عجم"
"ajeeb","عجيب"
"adaawat","عداوة"
"uddat","عدة"
"iddat","عدة"
"adad","عدد"
"adal","عدل"
"adam","عدم"
"udmoli","عدملي"
"aduw-aa'daa","عدو-اعداء"
"udwaan","عدوان"
"adeem ul misaal","عديم المثال"
"azaab","عذاب"
"azaab e wabeel","عذاب وبيل"
"azbe zulaal","عذب زلال"
"uzur","عذر"
"uzurdaar bairo","عذردار بئيرو"
"arab","عرب"
"urus","عرس"
"arsh","عرش"
"arsa, arso","عرصة"
"araz","عرض"
"urwat","عروة"
"urwat e wusqa","عروة وثقىْ"
"urooj","عروج"
"arizat","عريضة"
"izzat","عزّة"
"azza wajal","عز و جل"
"azaa","عزاء"
"azaadaar","عزادار"
"azal kerwu","عزل كروؤ"
"azam-azaaim","عزم-عزائم"
"azeez","عزيز"
"usur","عسر"
"isha","عشاء"
"ashara mubaaraka","عشرة مباركة"
"ishq","عشق"
"asr","عصر"
"asr e zahabi","عصر ذهبي"
"ismat","عصمة"
"asaa","عصىْ"
"aseer","عصير"
"udw-aa'daa","عضو-اعضاء"
"ataa","عطاء"
"atar","عطر"
"atash","عطش"
"atshaan","عطشان"
"atf","عطف"
"utoof","عطوف"
"atiyat","عطية"
"ezaam","عظام"
"ehed","عهد"
"azamat","عظمة"
"azeem-ezaam","عظيم-عظام"
"iffat-afaaf","عفّة/عفاف"
"afw","عفو"
"afwan","عفواً"
"iqaab","عقاب"
"aqd","عقد"
"iqd","عقد"
"aqal","عقل"
"aqalmand","عقلمند"
"aqeeda, aqeedo","عقيدة"
"aqeeq","عقيق"
"aqiqa","عقيقة"
"aqilat","عقيلة"
"aqeem","عقيم"
"alam","علَم"
"alaahadah","علْحده"
"allamah","علّامة"
"illat","علّة"
"ilaaj","علاج"
"ilaaqah","علاقة"
"alaamat","علامة"
"ilaawa","علاوه"
"ilm","علم-علوم"
"ilm ul yaqeen","علم اليقين"
"ilm e ladunni-uloom ladunniyah","علم لدني-علوم لدنية"
"alamberdaar","علمبردار"
"alal ikhtesaar","على الاختصار"
"alal imkaan","على الامكان"
"aleel","عليل"
"am","عم"
"imaarat","عمارة"
"amaamat","عمامة"
"amdan","عمداً"
"umdat","عمدة"
"umar","عمر"
"umraan","عمران"
"amal","عمل"
"umood","عمود"
"amyaa","عمياء"
"aenaan","عنان"
"inaayat","عناية"
"inaayat ilaahiyah","عناية الهية"
"anber","عنبر"
"indallah","عند الله"
"unsur-anaasir","عنصر-عناصر"
"anfaqat","عنفقة"
"unuq-aa'naaq","عنق-اعناق"
"anqaa","عنقاء"
"unwaan","عنوان"
"ehdul ehsaan","عهد الاحسان"
"ehdul awliyaa","عهد الاولياء"
"awaam","عوام"
"ooj","عوج"
"uud","عود"
"oud e ahmad","عود احمد"
"aurat","عورة"
"evaz","عوض"
"aun","عون"
"awees","عويص"
"iyadat kerwu","عيادة كروؤ"
"iyaal","عيال"
"aib-uyoob","عيب-عيوب"
"eid","عيد"
"eid gah","عيدگاه"
"eidi","عيدي"
"essawi sanat","عيسوي سنة"
"ain","عين"
"ain ul yaqeen","عين اليقين"
"gaar","غار"
"gaafil","غافل"
"gaalib","غالب"
"gaaleecha, galeecho","غاليچة"
"gaayat","غاية"
"ga'eb","غائب"
"gaaet","غائط"
"gubaar","غبار"
"gad","غد"
"gadaa","غداء"
"gader","غدر"
"gadeer","غدير"
"gizaa","غذاء"
"garraawu","غرّاوؤ"
"garraa","غراء"
"garamat","غرامة"
"garb","غرب"
"gurbat","غربة"
"gurrat","غرة"
"gurratush shehr","غرة الشهر"
"garaz","غرض"
"gurfat-guraf","غرفة-غرف"
"garaq","غرق"
"gurub","غروب"
"guroob","غروب"
"gour","غرور"
"gareeb-gorobaa","غريب-غرباء"
"gazwat","غزوة"
"gusul","غسل"
"gish","غش"
"gashye","غشي"
"gasb kerwu","غصب كروؤ"
"gusun-agsaan","غصن-اغصان"
"gussa, gusso","غصه"
"gazab","غضب"
"gazabnaak thawu","غضبناك تهاوؤ"
"gaflat","غفلة"
"gaflat","غفلة"
"gil","غل"
"gul-aglaal","غل-اغلال"
"gilaaf","غلاف"
"gulaam","غلام"
"gulaami","غلامي"
"galabo","غلبة"
"gilsamat","غلصمة"
"galat","غلط"
"galat fehmi","غلط فهمي"
"galti","غلطي"
"gulu","غلو"
"gam","غم"
"gamaan","غمام"
"gamer","غمر"
"gamzada","غمزده"
"gamgeen","غمگين"
"ginaa","غناء"
"gunnah","غنة"
"gina","غنىْ"
"gani-agniya","غني-اغنياء"
"ganeemat","غنيمة ليوؤ"
"gows-giyaas","غوث/غياث"
"gour","غور"
"gor","غور كروؤ"
"gour o fikr","غور و فكر"
"gaib ni waato","غيب ني واتو"
"gaibat","غيبة"
"geebat","غيبة"
"gais","غيث"
"gair","غير"
"gair baalig","غير بالغ"
"gair hazir","غير حاضر"
"gair mutamakkin","غير متمكن"
"gair mehram","غير محرم"
"gair munfasil","غير منفصل"
"gairat","غيرة"
"gaiz","غيظ"
"fatehat","فاتحة"
"fateha perhwu","فاتحة پرهوؤ"
"faajir-fajarat","فاجر-فجرة"
"faaheshat-fawaahish","فاحشة-فواحش"
"faakhir","فاخر"
"faaris","فارس"
"faarig","فارغ"
"faasid","فاسد"
"faasid thawu","فاسد تهاوؤ"
"faasiq","فاسق"
"faasla","فاصلة"
"fozalaa","فاضل-فضلاء"
"faatir","فاطر"
"faa'il","فاعل"
"faaqa, faaqo","فاقة"
"faakehat-fawaakeh","فاكهة- فواكه"
"faal","فال"
"faani","فاني"
"faida, faido","فائدة-فوائد"
"faaiz-faaezoon","فائز-فائزون"
"faaiz thawu","فائض تهاوؤ"
"faaiq","فائق"
"fot","فت"
"fateh-futuhaat","فتح-فتوحات"
"fatehyaabi","فتح يابي"
"fatrat","فترة"
"fitnat","فتنة"
"fitnat angaiz loog","فتنة انگيز لوگ"
"fitnat amyaa","فتنة عمياء"
"fatwaa","فتوْى"
"fatur","فتور"
"fajr","فجر"
"fujur","فجور"
"fohosh","فحش"
"fahel","فحل"
"fahwaa","فحوْى"
"fakhamat","فخامة"
"fakhar","فخر"
"fidaa","فداء تهاوؤ"
"fidaiyat","فداءية"
"fidyo","فدية"
"fazlakat","فذلكة"
"faraar","فرار"
"faraash","فراش"
"faraag","فراغ"
"firaaq","فراق"
"firaaq thaawu","فراق تهاوؤ"
"firaaqi","فراقي"
"faraj","فرج"
"farhat","فرحة"
"fard","فرد"
"fardaaniyat","فردانية"
"firdoos","فردوس"
"farzand","فرزند"
"fars","فرس"
"fursaan","فرسان"
"farsh","فرش"
"farishta","فرشته-فرشته ؤ"
"fursat","فرصة"
"faraz","فرض"
"fare'-furu'","فرع- فروع"
"faraq","فرق"
"firqah","فرقة"
"furqat","فرقة"
"farmaan","فرمان"
"farmaayu","فرمايو"
"faraib","فريب"
"fareezat","فريضة"
"fareeq","فريق"
"faza'","فزع"
"fasaad","فساد"
"fustaat","فسطاط"
"fisq","فسق"
"fisq o fujur","فسق و فجور"
"fasaahat","فصاحة"
"fasal kerwu","فصل كروؤ"
"faseeh","فصيح"
"fiddat","فضّة"
"fazaa","فضاء"
"fazal","فضل"
"fazal-fazaail","فضل-فضائل"
"fuzlat","فضلة"
"fuzul kharchi","فضول خرچي"
"fadihat","فضيحة"
"fitrat","فطرة"
"fatin","فطن"
"fitnat","فطنة"
"futur","فطور"
"fe-el","فعل"
"faqd thawu","فقد تهاوؤ"
"fuqdaan","فقدان"
"faqar","فقر"
"fiqrah-fiqraao","فقره-فقره ؤ"
"faqat","فقط"
"fiqeh","فقه"
"faqeer","فقير"
"faqih-foqohaa","فقيه-فقهاء"
"fikar","فكر"
"fikar","فكر"
"falaah","فلاح"
"fulaan","فلان"
"falsafat","فلسفة"
"falak","فلك"
"fulk","فلك"
"fun-funoon","فن-فنون"
"fanaa thawu","فناء تهاوؤ"
"fehris ul muhtaweyaat","فهرس المحتويات"
"fehrist","فهرست"
"fehem","فهم"
"fuwaara","فواره"
"fout","فوت تهاوؤ"
"foto-fotaao","فوتو-فوتاؤ"
"fouj","فوج"
"fouran","فوراً"
"fouri tour per","فوري طور پر"
"fouz","فوز"
"fouz e azeem","فوز عظيم"
"fouq","فوق"
"fuwaad","فؤاد"
"fil haal","في الحال"
"fi sabeel illah","في سبيل الله"
"fashan","فيشن"
"faisla, faislo","فيصله"
"faiz-fuyuz/fuyuzaat","فيض-فيوض/فيوضات"
"feel","فيل"
"failasoof","فيلسوف"
"qaaba qousain","قاب قوسين"
"qaabil","قابل"
"qaabelah","قابلة"
"qaabu","قابو"
"qaat","قات"
"qaatil","قاتل"
"qaadir","قادر"
"qaari","قاري"
"qaasid","قاصد"
"qaasir","قاصر"
"qaazi-quzaat","قاضي-قضاة"
"qaazil haajaat","قاضي الحاجات"
"qaazil quzaat","قاضي القضاة"
"qaae'dat-qawaid","قاعدة-قواعد"
"qaafla, qaaflo","قافلة"
"qaafiyah","قافية"
"qaalib","قالب"
"qaamah","قامة"
"qaamat alafiyah","قامة الفية"
"qaanoon-qawaneen","قانون-قوانين"
"qahir thawu","قاهر تهاوؤ"
"quaid","قائد"
"qaail","قائل"
"qaaim","قائم"
"qaaemat","قائمة"
"qubba-qobab/qebaab","قبة-قبب/قباب"
"qabar","قبر"
"qabrastaan","قبرستان"
"qabz kerwu","قبض كروؤ"
"qabzah","قبضة"
"qabtaan","قبطان"
"qabal","قبل"
"qablas suwaal","قبل السؤال"
"qibla","قبلة"
"qibla gah","قبلة گاه"
"qabool kerwu","قبول كروؤ"
"qubuliyat","قبولية"
"qabeeh","قبيح"
"qabilah-qabaail","قبيلة-قبائل"
"qatal","قتل"
"qatal","قتل"
"qehat","قحط"
"qad","قد"
"qadeh","قدح"
"qadr","قدر"
"qudrat","قدرة"
"quds","قدس"
"qaddasallaho ruhahu","قدس الله روحه"
"qudssaani","قدساني"
"qadam","قدم"
"qadambosi","قدمبوسي"
"qudwat","قدوة"
"qadeem","قديم"
"qiraa'at","قراءة"
"qaraabat","قرابة"
"qaraabatdaar","قرابة دار"
"qaraar","قرار"
"quran majeed","قران مجيد"
"qurbaan","قربان كروؤ"
"qurbaani","قرباني"
"qurbaa","قربىْ"
"qurrat","قرة"
"qurrat ul ain","قرة العين"
"qarz","قرض"
"qarzan hasana","قرضاً حسنة"
"qarn","قرن"
"qareeb","قريب"
"qariban","قريباً"
"qareen","قرين"
"qasaawat","قساوة"
"qisam","قسم"
"qasam","قسم"
"qisam","قسم"
"qisam qisam na","قسم قسم نا"
"qismat","قسمة"
"qesaas","قصاص"
"qasaai","قصائي"
"qissah-qisas","قصة-قصـص"
"qasd","قصد"
"qasd kerrwu","قصد كروؤ"
"qasr","قصر"
"qaser","قصر"
"qusoor","قصور"
"qaseeda","قصيدة-قصائد"
"qazaa","قضاء"
"qazaa qadr","قضاء قدر"
"qaziyah","قضية"
"quttaut tareeq","قطاع الطريق"
"qutub","قطب"
"qatro, qatra","قطرة-قطرات"
"qate' kerwu","قطع كروؤ"
"qati'at","قطيعة"
"qu'ood","قعود"
"qafaa","قفا"
"qafal","قفل"
"qilaadah","قلادة"
"qalb-qulub","قلب-قلوب"
"qalb ul aa'yaan","قلب الاعيان كروؤ"
"qillat","قلة"
"qilah-qilaao","قلعة-قلعةؤ"
"qalam","قلم"
"qalam","قلم"
"qulu","قلو"
"qamar","قمر"
"qamees","قميص"
"qahhaar","قهّار"
"qeher","قهر"
"qewaam","قوام"
"quwat","قوة"
"quwwat","قوة"
"quwat","قوت"
"qoul-aqwaal","قول-اقوال"
"qom","قوم"
"qaumiyat","قومية"
"qawi","قوي"
"qiyaadat","قيادة"
"qiyaas","قياس"
"qiyaam","قيام"
"qiyamat","قيامة"
"qaid-quyud","قيد-قيود"
"qaid khaana","قيدخانه"
"qaidi","قيدي"
"qeel qaal","قيل قال"
"qiyam","قيم"
"qeemat","قيمة"
"qeemah","قيمه"
"qai","قئي"
"kaapo","كاپوؤ"
"kaatib","كاتب"
"kaajbo","كاجبو"
"kaajal","كاجل"
"kaazib","كاذب"
"kaarkhaana","كارخانه"
"kaarobaar","كاروبار"
"kaarigar","كاريگر"
"kaarigari","كاريگري"
"kaas","كاس"
"kaasib","كاسب"
"kaash ke","كاش كه"
"kaashif","كاشف"
"kaat","كاضض"
"kaagaz","كاغذ"
"kaafir-kuffaar, kafarat","كافر-كفار، كفرة"
"kaafur","كافور"
"kaafi","كافي"
"kaakaji","كاكا جي"
"kaakiji","كاكي جي"
"kaal","كال"
"kaala waala kerwu","كالا والا كروؤ"
"kaalej","كالج"
"kaalak","كالك"
"kaalu","كالو"
"kaam","كام"
"kaamil","كامل"
"kaamyaab","كامياب"
"kaamyabi","كاميابي"
"kaan","كان"
"kaanthe","كانتهے"
"kaanto-kaantaao","كانتو-كانتاؤ"
"kaantwu","كانتوؤ"
"kaanpwu","كانپوؤ"
"kaanch","كانچ"
"kaandha","كاندها"
"kaaid-kaaedeen","كائد-كائدين"
"kaaenaat","كائنات"
"kebaar","كبار"
"kabaair","كبائر"
"kebar","كبر"
"kabash","كبش"
"kabutar","كبوضضر"
"kabeer","كبير"
"kapra","كپرٌا"
"kapoor","كپور"
"kutta-kuttao","كتّه-كتّاؤ"
"kitaab","كتاب-كتب"
"kitaabat","كتابة"
"katro","كتروؤ"
"kitnaak","كتناك"
"kitneek","كتنيك"
"kathin","كتهن"
"kasrat","كثرة"
"kach-cho","كچّو"
"kachro","كچرٌو"
"kizb","كذب"
"karor","كرٌورٌ"
"kerwi","كرٌوي"
"kari-karyo","كرٌي-كرٌيو"
"karaamat","كرامة"
"karaahiyat","كراهية"
"kiraayu","كرايو"
"karb-kuroob","كرب-كروب"
"karrat khaaserah thayu","كرة خاسرة تهيو"
"kirtaar","كرتار"
"kurto","كرتو"
"kursi","كرسي"
"kerafti","كرفتي"
"karam","كرم"
"karnaar","كرنار"
"kurhaawu","كرهاوؤ"
"karwaas","كرواس"
"karwaahat","كرواهت"
"karwat phirwu","كروت پهروؤ"
"kareem-koromaa","كريم-كرماء"
"kisaa","كساء"
"kasb kerwu","كسب كروؤ"
"kastoori","كستوري"
"kasr","كسر"
"kasal","كسل"
"kiswat","كسوة"
"kasauti","كسوتي"
"kusoof","كسوف"
"kushaadgi","كشادگي"
"kushaadah","كشاده"
"kashti","كشتي"
"kashish","كشش"
"kashf","كشف كروؤ"
"kasheedgi","كشيدگي"
"kaffaarat","كفارة"
"kafaalat","كفالة"
"kifaayat","كفاية"
"kufur","كفر"
"kufrun ne'mat","كفرالنعمة"
"kafarat","كفرة"
"kafan","كفن"
"kufw","كفو"
"kafeel","كفيل"
"kul","كل"
"kulli kerwu","كلّي"
"kalaak","كلاك"
"kalaam","كلام"
"kilaayat","كلاية"
"kulfat","كلفة"
"kalemat","كلمة"
"kalemat ush shahaadat","كلمة الشهادة"
"kali","كلي"
"kulliyatan","كليّة"
"kalya","كليا"
"kalejah","كليجة"
"kam","كم"
"kam az kam","كم از كم"
"kam aqal","كم عقل"
"kam naseeb","كم نصيب"
"kamaal","كمال"
"kamaawu","كماوؤ"
"kamaai","كمائي"
"kampaaro","كمپاره"
"kamar","كمر"
"kamra, kamro","كمره"
"kamzor","كمزور"
"kami","كمي"
"kinaarah","كناره"
"kinaari","كناري"
"kinaayat","كناية"
"kanjoos","كنجوس"
"kanjoosi","كنجوسي"
"kundali","كندٌلي"
"kunda kerwu","كنده كروؤ"
"kanz-kunuz","كنز-كنوز"
"kans","كنس"
"kanaf","كنف"
"kankar","كنكر"
"kanghi","كنگهي"
"kuneh","كنه"
"kunhul amar","كنه الامر"
"kunwaaraa","كنوارا"
"kunyat","كنية"
"kanisat-kanaais","كنيسة-كنائس"
"ke","كه"
"khaato","كهاتو"
"khaaraas","كهاراس"
"khaarak","كهارك"
"kharu","كهارو"
"kahaa","كهاں"
"khaal-khaalo","كهال-كهالو"
"khaand","كهاند"
"khaawa ni cheezo","كهاوا ني چيزو"
"khaawu","كهاوؤ"
"khatko thaawu","كهتكو تهاوؤ"
"khapi jaawu","كهپي جاوؤ"
"khajoor","كهجور"
"khachro","كهچرو"
"khaddo-khaddao","كهدّو-كهداؤ"
"kharaao","كهرٌاؤ"
"khurachwu","كهرچوؤ"
"kharo","كهرو"
"khirwu","كهروؤ"
"kehef","كهف"
"kehfut taqiyat","كهف التقية"
"khullu","كهلّو"
"khalbali machwu","كهلبلي مچوؤ"
"khamb","كهمب"
"khamwu","كهموؤ"
"khankhairwu","كهنكهيروؤ"
"khobla","كهوبلا"
"khot","كهوت"
"khotaa","كهوتا"
"khotiyo","كهوتيو"
"khopru","كهوپرو"
"khodwu","كهودوؤ"
"khoswu","كهوسوؤ"
"kholwu","كهولوؤ"
"khowu","كهووؤ"
"khait","كهيت"
"khaiti","كهيتي"
"khail","كهيل"
"khail kud","كهيل كود"
"kheelo-kheelaao","كهيلو-كهيلاؤ"
"khailwu","كهيلوؤ"
"kheencha khainch kerwu","كهينچا كهينچ كروؤ"
"khainchataan kerwu","كهينچتان كروؤ"
"kheenchwu","كهينچوؤ"
"kahaani","كهاني"
"kehlaawu","كهلاوؤ"
"kehwu","كهوؤ"
"kotaahi","كوتاهي"
"koodo","كودوؤ"
"kuzah","كوزه"
"koshish","كوشش"
"kout","كوضض"
"kawkab-kawaakib","كوكب-كواكب"
"kolsa","كولسا"
"koun","كون"
"koun o makaan","كون و مكان"
"kona-konaao","كونا-كوناؤ"
"koni","كوني"
"kuwo","كوو"
"koi","كوئي"
"koi waqat","كوئي وقت"
"kiyaara","كياره"
"keecher","كيچر"
"kaid","كيد"
"keeri","كيري"
"kees","كيس"
"kaies","كيس"
"kika bhai","كيكا بهائي"
"kail","كيل"
"kem ke","كيم كه"
"keemiya","كيمياء"
"keena","كينه"
"kewaar si","كيوار سي"
"kewaare","كيوارے"
"kewi tarah","كيوي طرح"
"kaeenk","كئينك"
"gaajer","گاجر"
"gaadi","گادي"
"gaari","گاري"
"gaal","گال"
"gaali dewu","گالي ديوؤ"
"gaam","گام"
"gaamru","گامرو"
"gaameryo","گامريو"
"gaam e gaam","گامے گام"
"gaanth","گانتهـ"
"gaauw","گاؤں"
"gaai","گائي"
"gujraati","گجراتي"
"gadho/gadhero","گدهو/گدهيرو"
"guzaaro","گذارو"
"guzaarwu","گذاروؤ"
"guzar thawu","گذر تهاوؤ"
"guzar gah","گذرگاه"
"guzarwu","گذروؤ"
"guzishta","گذشته"
"gar","گر"
"garber","گربر"
"gerche","گرچے"
"gardaanwu","گردانوؤ"
"gardish","گردش"
"gardan","گردن"
"gurdah","گرده"
"giriftaar","گرفتار"
"garam","گرم"
"garmi","گرمي"
"girwu","گروؤ"
"guftaar","گفتار"
"guftagu","گفتگو"
"gul-gulo","گل-گلو"
"galla","گلّه"
"gala","گلا"
"gulaab","گلاب"
"galaas","گلاس"
"galdaa","گلدا"
"gale utarwu","گلے اتروؤ"
"gale milwu/gale laagwu","گلے ملوؤ/گلے لاگوؤ"
"gali-galyo","گلي-گليو"
"gili jaawu","گلي جاوؤ"
"gum thawu","گم تهاوؤ"
"gumaan","گمان"
"gumraah","گمراه"
"gumraahi","گمراهي"
"gumshodah","گمشده"
"guna","گنا"
"gunagoon","گناگون"
"gunah","گناه-گناهو"
"ginti","گنتي"
"gunjaaish","گنجائش"
"gandagi","گندگي"
"gando","گندو"
"gunehgaar","گنه گار"
"ginwu","گنوؤ"
"ghaa","گها"
"ghaans","گهانس"
"ghaani","گهاني"
"ghabraahat","گهبراهت"
"ghabraawu","گهبراؤ"
"ghat","گهت"
"ghata","گهتا"
"ghataaro","گهتارو"
"ghate","گهتے"
"ghatwu","گهتوؤ"
"ghar","گهر"
"ghar baar","گهر بار"
"gharappan","گهرپن"
"ghare ghar","گهرے گهر"
"gharan","گهرن"
"ghari","گهري"
"ghari be ghari","گهري بے گهري"
"ghari ghari","گهري گهري"
"gharyaal","گهريال"
"ghaswu","گهسوؤ"
"ghamand","گهمندٌ"
"ghant na ghant phirwu","گهنت نا گهنت پهري گيا"
"ghanti","گهنتي"
"ghanu","گهنو"
"gho ghe che","گهوگهے ؛"
"gholwu","گهولوؤ"
"ghunt","گهونت"
"ghunjwu","گهونجوؤ"
"ghuswu","گهونسوؤ"
"ghee","گهي"
"gheraao","گهيراؤ"
"ghairwu","گهيروؤ"
"gehro","گهرو"
"gehnaa-gehnaao","گهنا-گهناؤ"
"gawaaraa thawu","گوارا تهاوؤ"
"gawaah","گواه"
"gawaahi","گواهي"
"guthan","گوتهن"
"gothwan","گوتهون"
"goud","گود"
"gosht","گوشت"
"gol","گول"
"golak","گولك"
"goli","گولي"
"gunthwu","گونتهوؤ"
"gundhar","گوندر"
"gunwu","گونوؤ"
"goher","گوهر"
"goya","گويا"
"gibri","گيبري"
"gir","گير"
"gehu?","گيهوں"
"geela","گيلا"
"gaini","گيني"
"gai kaal","گئي كال"
"la","لا"
"laahiq","لاحق"
"laachaar","لاچار"
"lachaari","لاچاري"
"laadwu","لادوؤ"
"laazim","لازم"
"laash-lashaao","لاش-لاشاؤ"
"laa qeemti","لاقيمتي"
"laakru","لاكرٌو"
"laagtu walagtu","لاگتو ولگتو"
"laagan","لاگن"
"laagni","لاگني"
"laagwu","لاگوؤ"
"laal","لال"
"laalaa'","لالاء"
"laalaas","لالاس"
"laalach","لالچ"
"laalchi","لالچي"
"laawu","لاوؤ"
"laaiq","لائق"
"lub","لب"
"lab","لب"
"labaik","لبّيك"
"lubbul lubaab","لب اللباب"
"labaalab kerwu","لبا لب كروؤ"
"libaas","لباس"
"libaas al anwar","لباس الانور"
"labraiz","لبريز"
"lehaaz","لحاظ"
"lehaaf","لحاف"
"lahad","لحد"
"lahzat-lahazaat","لحظة-لحظات"
"lahem","لحم"
"lehen-alhaan","لحن-الحان"
"lakhte jigar","لخت جگر"
"ladunni","لدني"
"lazzat","لذة-لذات"
"lazeez","لذيذ"
"laraai","لرٌائي"
"larzo","لرزوؤ"
"larwu","لروؤ"
"lisaan-alsun","لسان-السن"
"lisan ul dawat","لسان الدعوة"
"lisaan e haal","لسان حال"
"lasan","لسن"
"lashker","لشكر"
"lutf-altaaf","لطف-الطاف"
"lateef","لطيف"
"latifah","لطيفة"
"luaab","لعاب"
"la'ab","لعب"
"la'nat","لعنة"
"laeen-lo'onaa","لعين-لعناء"
"lugat-lugaat","لغة-لغات"
"lagw","لغو"
"lifaafa, lifaafo","لفافه-لفافه ؤ"
"lafz-alfaaz","لفظ-الفاظ"
"laqab","لقب"
"luqma-luqmao","لقمة-لقمةؤ"
"likhaan","لكهان"
"likhwu","لكهوؤ"
"lag","لگ"
"lagaam","لگام"
"lagawo","لگاوؤ"
"lagan","لگن"
"lillah fillah","لله في الله"
"lamb chorus","لمب چورس"
"lambaan","لمبان"
"lambaawu","لمباوؤ"
"lambaai","لمبائي"
"lambo","لمبو"
"lamha-lamahaat","لمحة-لمحات"
"langro","لنگرا"
"lungi","لنگي"
"lanwu","لنوؤ"
"lehja, lehjo","لهجه"
"leher","لهر"
"lehraawu","لهراوؤ"
"lehkaawu","لهكاوؤ"
"lehekwu","لهكوؤ"
"lehaw","لهو"
"lawaazim-lawaazimaat","لوازم-لوازمات"
"loto","لوتو"
"lewajhillah","لوجه الله"
"loh","لوح"
"lohe mehfooz","لوح محفوظ"
"lootmaar kerwu","لوضض مار كروؤ"
"lutwu","لوضضوؤ"
"lutairo-lutairaao","لوضضيرو-لوضضيراؤ"
"log","لوگو"
"lokhand","لوكهندٌ"
"luluat","لولؤة"
"loundi","لوندي"
"laitwu","ليتوؤ"
"laip","ليپ"
"leesi","ليسي"
"laikin","ليكن"
"lail/lailat-layali","ليل/ ليلة-ليالي"
"lailatul qadar","ليلة القدر"
"lilu","ليلو"
"leen","لين"
"leendi","ليندي"
"lai jaawu","لئي جاوؤ"
"lai lewu","لئي ليوؤ"
"ma","ما"
"maa","ماء"
"maap","ماپ"
"maapwu","ماپوؤ"
"maathe cherhaawu","ماتهے چرهاوؤ"
"maatam","مأتم"
"maathu","ماتهو"
"maajid","ماجد"
"maahol","ماحول"
"maa'khaz","مأخذ"
"maadat","مادة"
"mara phirwu","مارا پهروؤ"
"maarwu","ماروؤ"
"maari","ماري"
"maazi","ماضي"
"maakri","ماكري"
"maakho","ماكهو"
"maal","مال"
"maal daar","مالدار"
"maalish","مالش"
"maalik","مالك"
"maali","مالي"
"maamaa","ماما"
"maami","مامي"
"mamoor-maamooreen","مأمور-مأمورين"
"maa'moom","مأموم"
"maando","ماندو"
"maane' thaawu","مانع تهاوؤ"
"maangnu","مانگنو"
"maangni","مانگني"
"maango","مانگوؤ"
"maanind","مانند"
"maanwu","مانوؤ"
"maa","ماں"
"maa jaayaa","ماں جايا"
"maahir","ماهر"
"maaedat","مائدة"
"maail","مائل"
"mubaah","مباح"
"mabaada","مبادا"
"mubaarak","مبارك"
"mubaarakbaadi aapwu","مباركبادي اٰپوؤ"
"mubaahaat","مباهاة"
"mubtalaa thawu","مبتلى تهاوؤ"
"mubajjal","مبجل"
"mubaddal","مبدَّل"
"mubaddil","مبدِّل"
"mubde'","مبدع"
"mabhoor","مبهور تهاوؤ"
"mab as","مبعث نو دن"
"maboos thawu","مبعوث تهاوؤ"
"mubham","مبهم"
"mabhoor","مبهور"
"mubeen","مبين"
"mitti","متّي"
"mataa'","متاع"
"mitaawu","متاوؤ"
"muta akhkhir-muta akhkhereen","متأخر-متأخرين"
"mutabarrik","متبرك"
"muttahid","متحد"
"mutaharrik","متحرك"
"mutasalsil","متسلسل"
"muttasil","متصل"
"muttalab-mutatallebaat","متطلب-متطلبات"
"mu'taqid-mu'taqedeen","متعقد-متعقدين"
"muta'alliq","متعلق"
"mutafarriq","متفرق"
"mutaqaddim-mutaqaddemeen","متقدم-متقدمين"
"muttaqi-muttaqeen","متقي-متقين"
"mutalashi","متلاشي"
"mutamassik-mutamassekeen","متمسك-متمسكين"
"mutamakkin","متمكّن"
"mutawajeh thaawu","متوجه تهاوؤ"
"mutawattin-mutawatteneem","متوطن-متوطنين"
"mutayamenan","متيمّناً"
"mithaal-amthelat","مثال-امثلة"
"mithqaal","مثقال"
"mathal","مثل"
"mithal-amthaal","مثل-امثال"
"mathalan","مثلاً"
"majaazi","مجازي"
"mujaahid-mujaahedeen","مجاهد-مجاهدين"
"mujaawarat","مجاورة"
"majboor","مجبور"
"majboori","مجبوري"
"mujtama'","مجتمع"
"majd","مجد"
"majra","مجرى"
"majlis","مجلس-مجالس"
"majma'","مجمع"
"majmua'","مجموعة"
"majnoon","مجنون"
"majoos","مجوس"
"mahaarim","محارم"
"muhib-muhibbo/muhibbeen","محب-محبو/محبين"
"mohabbat","محبة"
"mehboob","محبوب"
"mohtaaj","محتاج"
"mohtaram","محترم"
"mohtazar","محتضر"
"mohtawi howu","محتوي هوؤ"
"mohtaweyaat","محتويات"
"mehdood","محدود"
"mehraab","محراب-محاريب"
"moharram ul haraam","محرم الحرام"
"mehram daar","محرم دار"
"moharramaat","محرمات"
"mehroom","محروم"
"mahzoon","محزون"
"mohsin","محسن"
"mahsood","محسود"
"mehshar no din","محشر نو دن"
"mehdarat","محضرة"
"mehfooz","محفوظ"
"mohaqqeqeen","محققين"
"mohkam","محكم"
"mahal","محل"
"mohalla-mohallao","محلة-محلةؤ"
"mehnat","محنة-محن"
"muheet","محيط"
"mukhaatib","مخاطب تهاوؤ"
"mukhaalif","مخالف"
"mukhaalifat","مخالفة"
"mukhtasar","مختصر"
"mukhtalif","مختلف"
"makhraj","مخرج"
"makhzan-makhaazin","مخزن-مخازن"
"makhsoos","مخصوص"
"makhfi","مخفي"
"mukhlis","مخلص-مخلصين"
"makhlooq-makhlukeen/makhlukaat","مخلوق-مخلوقين/مخلوقات"
"makhmool","مخمول"
"machi","مچهي-مچهيو"
"muddakhar","مدّخر"
"madde nazar raakhwu","مد نظر راكهوؤ"
"mudaaraat","مداراة"
"muddat","مدة"
"madeh","مدح"
"midhat","مدحة"
"madad","مدد"
"madad gaar","مددگار"
"madrasah-madaaris","مدرسة-مدارس"
"madfan","مدفن"
"madfoon","مدفون"
"madmaakhi","مدماكهي"
"mudnif","مدنف"
"madina","مدينة"
"muzaakarat","مذاكرة"
"muzakkar","مذكر"
"mazkoor","مذكور"
"muznib","مذنب"
"mazi","مذي"
"muraja'at","مراجعة"
"muraad","مراد"
"miraaran","مراراً"
"maraasim","مراسم"
"muraa'at","مراعاة"
"maraafiq","مرافق"
"mir'aat","مرأة"
"murabbi","مربي"
"martabah-maraatib","مرتبة-مراتب"
"murtad","مرتد"
"murtafe'","مرتفع"
"murtaqi-murtaqeen","مرتقي-مرتقين"
"marathiyaa","مرثية"
"marjaan","مرجان"
"marja'-maraaje'","مرجع-مراجع"
"murjhaawu","مرجهاوؤ"
"marhaba","مرحبا"
"marcha","مرچا"
"marhalat-maraahil","مرحلة-مراحل"
"marhoom-marhumeen","مرحوم-مرحومين"
"mard","مرد"
"murdaar","مردار"
"mursaa","مرسىْ"
"maraz-amraaz","مرض-امراض"
"marzi","مرضي"
"mar oob","مرعوب"
"murgi","مرغي"
"maraq","مرق"
"marqad","مرقد"
"markaz-maraakiz","مركز-مراكز"
"muruwwat","مروّة"
"marwu","مروؤ"
"mirreekh","مريخ"
"mareez","مريض"
"mizaaj","مزاج"
"mazaar-mazaaraat","مزار-مزارات"
"mazaaq","مزاق"
"muzaawajat","مزاوجة"
"mazdoor","مزدور"
"mazdoori","مزدوري"
"mazah","مزه"
"muzaiyan","مزيّن"
"mazeed","مزيد"
"musakhkhar","مسّخر"
"masaahat","مساحة"
"masaa ee","مساعي"
"masaafat","مسافة"
"masaakin","مساكن"
"musbehah","مسبحة"
"masbook","مسبوق"
"mustatir","مستتر"
"mustajaab","مستجاب"
"mustajaar","مستجار"
"mustajeeb","مستجيب"
"mustahab","مستحب"
"mustahiq-mustahiqqeen","مستحق-مستحقين"
"mustahkam kerwu","مستحكم كروؤ"
"mustadaam","مستضام"
"mustad aaf-mustad efeen","مستضعف-مستضعفين"
"mustaqbil","مستقبل"
"mustawfezan","مستوفزاً"
"mustavaa","مستوىْ"
"mustavi thaawu","مستوي تهاوؤ"
"masti khor","مستي خور"
"masjid-masaajid","مسجد-مساجد"
"maseh kerwu","مسح كروؤ"
"maskh kerwu","مسخ كروؤ"
"maskhari","مسخري"
"masarrat","مسرة"
"musrif","مسرف"
"masroor-masrooreen","مسرور-مسرورين"
"muskuraawu","مسكراوؤ"
"maskan","مسكن"
"miskeen-masaakeen","مسكين-مساكين"
"musalsal","مسلسل"
"musallat thaawu","مسلط تهاوؤ"
"muslemeen","مسلم-مسلمين"
"masnad","مسند"
"masoor ni daal","مسور ني دال"
"masaalat-masaail","مسئلة-مسائل"
"musi","مسئي"
"mushabeh","مشابه"
"mushaabahat","مشابهة"
"mushaawarat","مشاورة كروؤ"
"mashaaikh","مشائخ"
"mushtaak","مشتاق"
"mushtari","مشتري"
"mushtashafa","مشتفىْ"
"mushtaq","مشتق"
"mushtaha","مشتهىْ"
"musharraf","مشرف"
"mushrif","مشرف"
"mushriq","مشرق"
"mashriq","مشرق"
"mushrik-mushrekeen","مشرك-مشركين"
"mashgool","مشغول"
"mushfiq","مشفق"
"mashaqqat-mashaqqaat","مشقة-مشقّات"
"mishkaat","مشكاة"
"mushkil","مشكل"
"mushkil kushaai","مشكل كشائي"
"mashkoor","مشكور"
"mashkook","مشكوك"
"mashki","مشكي"
"mashhad-mashaahid","مشهد-مشاهد"
"mash-hoor","مشهور"
"mashwarah","مشورة"
"mashiyat","مشية"
"mashiyat ilaahiya","مشية الهية"
"misbah-masaabeeh","مصباح-مصابيح"
"misdaaq","مصداق"
"masdar-masaadir","مصدر-مصادر"
"musir-musirreen","مصر-مصرين"
"misraa'","مصراع"
"masroof","مصروف"
"musalli","مصلّي"
"maslahat","مصلحة"
"masalla","مصلىْ"
"museebat","مصيبة"
"mazboot","مضبوط"
"madarrat kerwu","مضرة كروؤ"
"muztar-muztarreen","مضطر-مضطرين"
"muztarib","مضطرب"
"mudil-mudilleen","مضل-مضلين"
"mazmoon","مضمون-مضامين"
"mutaabiq","مطابق"
"mutaabiq","مطابقة"
"mutaala'a, mutalaa'o","مطالعة"
"matlaa'","مطلع"
"mutlaq-mutlaqeen","مطلق-مطلقين"
"mutlaqah?","مطلقة"
"matloob","مطلوب"
"mutmaen","مطمئن"
"mazallat","مظلة"
"mazloom","مظلوم"
"mazhar-mazahir","مظهر-مظاهر"
"ma'aad","معاد"
"ma'aarif","معارف"
"muaasharat","معاشرة"
"muaasarat","معاصرة"
"ma'aasi","معاصي"
"ma'aaf kerwu","معاف كروؤ"
"ma'aafi","معافي"
"ma'aalim","معالم"
"muaamalat","معاملة"
"muaawanat","معاونة"
"maa'ber","معبر"
"maa'bood","معبود"
"mu'tasim","معتصم"
"ma'aajiz","معجزة-معاجز"
"me'dat","معدة"
"ma'din","معدن"
"ma'zoor","معذور"
"me'raaj","معراج"
"ma'refat","معرفة"
"ma'reka","معركة"
"ma'roof","معروف"
"ma'sharal mumineen","معشر المؤمنين"
"ma'soom","معصوم"
"ma'seeyat","معصية"
"muazzam","معظم"
"ma'qool","معقول"
"moallim-moallemeen","معلم-معلمين"
"ma'loom","معلوم"
"ma'lumaat","معلومات"
"ma'mal","معمل"
"ma'moor","معمور"
"ma'mooli","معمولي"
"ma'na","معنى-معاني"
"moaiyan kerwu","معيّن كروؤ"
"me'yaar","معيار"
"maeeshat","معيشة"
"mueen","معين"
"maghrib","مغرب"
"mugriq-mugreqeen","مغرق-مغرقين"
"magfirat","مغفرة"
"magloob","مغلوب"
"magnaatees","مغناطيس"
"mugaiyar","مغير"
"mufaatahat kerwu","مفاتحة كروؤ"
"mafaasil","مفاصل"
"miftaah","مفتاح-مفاتيح"
"mafkhar-mafakhir","مفخر-مفاخر"
"mufadda","مفدّىْ"
"mufassir-mufassereen","مفسر-مفسرين"
"mafsoohiyat","مفسوحية"
"maf'ool","مفعول"
"muflis","مفلس"
"mafhoom","مفهوم-مفاهيم"
"mufeed","مفيد"
"muqaabil","مقابل"
"muqaabala per","مقابلة پر"
"muqaabala kerwu","مقابلة كروؤ"
"muqaasaat","مقاساة كروؤ"
"muqaam","مقام"
"maqaam","مقام"
"muqbil","مقبل"
"muqtadaa","مقتداء"
"muqtaza","مقتضىْ"
"miqdaar","مقدار"
"muqaddar","مقدر"
"muqaddas","مقدس"
"makdam","مقدم"
"mukaddam thaawu","مقدم تهاوؤ"
"muqaddama","مقدمة"
"muqarrar","مقرر كروؤ"
"muqassir-muqassereen","مقصّر-مقصّرين"
"maqsad","مقصد-مقاصد"
"muqeem","مقيم"
"mukarram","مكَرَّم"
"makaarim","مكارم"
"makaarim ul akhlaaq","مكارم الاخلاق"
"mukaalamat","مكالمة"
"makaan","مكان-اماكن"
"maktoob","مكتوب"
"makar","مكر"
"mukarrar kerwu","مكرر كروؤ"
"mukrim","مكرم"
"makroob","مكروب"
"makroh","مكروه"
"makshoof","مكشوف"
"mukallal","مكلل"
"mukammal","مكمل"
"maknoon","مكنون"
"magar","مگر"
"malik-mulook","ملِك-ملوك"
"maleko","ملِكة"
"malae aa'la","ملاء اعلىْ"
"malaabis","ملابس"
"milaap","ملاپ"
"mallah","ملاح"
"malaahat","ملاحة"
"mulaaqaat","ملاقاة"
"milaak","ملاك"
"malaal","ملال"
"milaawu","ملاوؤ"
"mulaaem","ملايم"
"mulabab","ملبب كروؤ"
"millat","ملة"
"malhooz","ملحوظ"
"mal'oon","ملعون"
"mulk","ملك"
"malaaekat","ملك-ملائكة"
"mulk-mamaalik","ملك-ممالك"
"milkat","ملكة"
"mulawwas","ملوّث"
"milwu","ملوؤ"
"malidah","مليده"
"mumaarasat","ممارسة"
"mumaana'at","ممانعة"
"mumtaaz","ممتاز"
"mamsool","ممثول"
"mumid","ممد"
"mamduh","ممدوح"
"mumsik","ممسك"
"mumkin","ممكن"
"mamlakat","مملكة"
"mumlook e syedna","مملوك سيدنا"
"mamnu'","ممنوع"
"minna","منّا"
"mannaan","منّان"
"minnat","منّة"
"minnat jataawu","منّة جتاوؤ"
"man","من"
"man dukh","من دكهـ"
"man doon","من دون"
"man fauq","من فوق"
"man gharat","من گهرضض"
"man maani kerwu","من ماني كروؤ"
"man yali","من يلي"
"munaajaat","مناجاة"
"munaadi","منادي"
"munaasib","مناسب"
"munaasabat","مناسبة"
"munaazarat","مناظرة-مناظرات"
"munaafiq","منافق-منافقين"
"manaqib","مناقب"
"manaam","منام"
"mimber-manabir","منبر-منابر"
"mamba'-manaabe'","منبع-منابع"
"muntakhab","منتخب"
"muntazar","منتظَر"
"muntazir","منتظر"
"muntaha","منتهاء"
"muntazim","منتظم-منتظمين"
"muntaha","منتهى"
"manjaai jaawu","منجائي جاوؤ"
"munajjim-munajjemeen","منجم-منجمين"
"manjaneeq","منجنيق"
"minhat","منحة"
"munhal","منحل"
"manhoos","منحوس"
"mindeel","منديل"
"manzil-manazil","منزل-منازل"
"manzila, manzilo","منزلة"
"munazzah","منزه"
"mansak-manasik","منسك-مناسك"
"mansoob kerwu","منسوب كروؤ"
"munshaq","منشق"
"mansab","منصب"
"mansoos","منصوص"
"minit","منضض"
"manzar","منظر-مناظر"
"munhadim","منهدم"
"munazzam","منظم"
"manzoor kerwu","منظور كروؤ"
"manzoori","منظوري"
"mane' kerwu","منع كروؤ"
"mun akis","منعكس"
"mun im","منعم"
"munfarid","منفرد"
"munfasil","منفصل"
"munkar","منكَر"
"munkir-munkereen","منكِر-منكرين"
"mangalwaar","منگلوار"
"moo","منهـ"
"moo kaalaa thawu","منهـ كالا تهاوؤ"
"manhaj","منهج"
"manhal","منهل-مناهل"
"munawwar","منوّر"
"minwaal","منوال"
"munaa-amaani","منىْ-اماني"
"mani","مني"
"muneer","منير"
"muhaajir-muhaajereen","مهاجر-مهاجرين"
"mohaar","مهار"
"mahzoom","مهزوم"
"mohanna","مهناء"
"mohta","مهوتا"
"mohtaai","مهوتائي"
"muhaar","مهار"
"mahaarat","مهارة"
"meher","مهر"
"mehek","مهك"
"mohlat","مهلة"
"muhim","مهم"
"mohimmaat","مهمات"
"mehmaan","مهمان"
"mehmaan daari","مهمان داري"
"mohaiyah","مهياء"
"mahina, mahino","مهينه"
"mawaad","مواد"
"muwaasaat","مواساة"
"muwaazib","مواظب"
"muwaazabat","مواظبة"
"mowaafiq","موافق"
"muwaafaqat","موافقة"
"muwaalat","موالاة"
"mawaali","موالي طاهرين"
"mawaaid","موائد"
"mout","موت"
"mautaa","موتىْ"
"moti","موتي-موتيو"
"mouj-amwaaj","موج-امواج"
"mujib","موجب"
"moujzan","موجزن"
"moujood","موجود"
"mawaddat","مودة"
"moza","موزه"
"mosam","موسم"
"mousoof","موصوف"
"mousool thawu","موصول تهاوؤ"
"moude'-mawaade'","موضع-مواضع"
"mouzu","موضوع-موضوعات"
"mouezat-mawaaiz","موعظة-مواعظ"
"mouqe'-mawaaqe'","موقع-مواقع"
"mouqif","موقف"
"moukib","موكب"
"mokalwu","موكلوؤ"
"mokwu","موكوؤ"
"moulood","مولود"
"moula-muwaali","مولىْ-موالي"
"moula-mawaali","مولىْ-موالي"
"mulin ne'mat","مولي النعمة"
"mouhebat","موهبة-موهبات"
"moaiyad","مويد"
"moarrikh","مؤرخ-مؤرخين"
"mu'qin-mu'qeneen","مؤقن-مؤقنين"
"muwakkad","مؤكد"
"mumin","مؤمن-مؤمنين"
"moannas","مؤنث"
"miyaan","ميان"
"maiyit-amwaat","ميت-اموات"
"mitat","ميتة"
"mithaas","ميتهاس"
"mithu","ميتهو"
"meethaq","ميثاق"
"maidaan","ميدان"
"meezaan","ميزان"
"meezat","ميزة"
"moyassar thawu","ميسر تهاوؤ"
"mein","ميں"
"mi aad","ميعاد"
"miqaat","ميقات-مواقيت"
"mail","ميل"
"meel-meelo","ميل-ميلو"
"mail milaap","ميل ملاپ"
"melu","ميلو"
"maimoon","ميمون"
"meendho","ميندهو"
"naakhoon","ناخون"
"naabood kerwu","نابود كروؤ"
"naapaak","ناپاك"
"naach","ناچ"
"naadaan","نادان"
"naadir","نادر"
"naar","نار"
"naaraaz","ناراض"
"naarangi","نارنگي"
"naari","ناري"
"naaryal","ناريل"
"naaz","ناز"
"naazuk","نازك"
"naazil","نازل"
"naazil thaawu","نازل تهاوؤ"
"naazo neaam","نازونعم"
"naasaaz","ناساز"
"naasoot","ناسوت"
"nashir","ناشر"
"naashit","ناشط"
"naas","ناص"
"naaseh","ناصح"
"naasir","ناصر"
"naatiq","ناطق"
"naatiq-notoqaa","ناطق-نطقاء"
"naafe'","نافع"
"naaqis","ناقص"
"naak","ناك"
"naak","ناك"
"naakhwu","ناكهوؤ"
"naamna","نامنا"
"naana","نانا"
"naani","ناني"
"naib","نائب"
"naaeb manaab","نائب مناب"
"nubuwat","نبوة"
"nabi","نبي-انبياء"
"nabi zaadah","نبي زاده"
"nitaarwu","نتاروؤ"
"nitra","نترا"
"nathi","نتهي"
"nateejo","نتيجو"
"najaat","نجاة"
"najaasat","نجاسة"
"najis","نجس"
"najam-nujoom","نجم-نجوم"
"najwa","نجوْى"
"nujumi","نجومي"
"nehes","نحس"
"nuhusiyat","نحوسية"
"nukhaamat","نخامة"
"nida","نداء"
"nadaamat","ندامة"
"nudrat","ندرة"
"nadam","ندم"
"nadi","ندي"
"nazar","نذر"
"nazral maqaam","نذر المقام ع م"
"nazeer","نذير"
"niraalaa panu","نرالاپنو"
"niraali","نرالي"
"nirtaai","نرتائي"
"nargah","نرغه"
"naram","نرم"
"nareraao","نريراؤ"
"nazdeek","نزديك"
"nuzul","نزل"
"nisbat","نسبة"
"nuskha","نسخة"
"nuzskhah kerwu","نسخة كروؤ"
"nasal","نسل"
"nisyaan","نسيان"
"naseem","نسيم"
"nashaat","نشاط"
"nishaani","نشان"
"nishaani","نشاني"
"nashr kerwu","نشر كروؤ"
"nasha, nasho","نشه"
"nashonuma","نشونما"
"nisaab","نصاب"
"nasraani","نصراني"
"nasraaniyat","نصرانية"
"nusrat","نصرة"
"nisf","نصف"
"naseeb","نصيب"
"naseeb","نصيب"
"naseehat","نصيحة"
"nutq","نطق"
"nazaafat","نظافة"
"nizaam","نظام"
"nazar","نظر"
"nazariyo","نظرية"
"na'al","نعل"
"na'am","نعم"
"ne'mat","نعمة-نعم"
"na'ye","نعي"
"nagmah-nagamaat","نغمة-نغمات"
"nifaaq","نفاق"
"nafrat","نفرة"
"nafs","نفس"
"nafas","نفس"
"nafo', nafe'","نفع"
"nafaqaat","نفقات"
"nafaqat","نفقة"
"nafees-nafaais","نفيس- نفائس"
"naqqaad","نقّاد"
"naqsh-nuqush","نقش-نقوش"
"naqsha","نقشه"
"nuqs","نقص"
"nuqsaan","نقصان"
"nuqta, nuqto","نقطة"
"nuqtatun noor","نقطة النور"
"naqal kerwu","نقل كروؤ"
"nuqlat","نقلة"
"naqi","نقي"
"nikah","نكاح"
"nikaalwu","نكالوؤ"
"nukta-nekaat","نكته-نكات"
"nuktachini kerwu","نكته چيني كروؤ"
"nikalwu","نكلوؤ"
"nigah","نگاه"
"nigraani","نگراني"
"nigehbaan","نگهبان"
"nal","نل"
"namaaz","نماز"
"numaayah","نماياں"
"namak","نمك"
"namal","نمل"
"namantai","نمنتائي"
"namoonah","نمونه"
"namwu","نموؤ"
"nameemat","نميمة"
"nang","ننگ"
"nange paao","ننگے پاؤں"
"nange ser","ننگے سر"
"na pasand","نه پسند"
"na mumkin","نه ممكن"
"nihaayat","نهاية"
"nehej","نهج"
"nahye","نهي"
"nihaayat","نهاية"
"neher","نهر"
"nohzat","نهضة"
"nehenwu","نهنوؤ"
"nawaazish","نوازش"
"nawaazwu","نوازوؤ"
"nawaasa","نواسا"
"nawaasi","نواسي"
"niwaala, niwaalo","نواله"
"nawaaib","نوائب"
"nowjawaan","نوجوان"
"nooraani","نوراني"
"nouker","نوكر"
"noondh kerwu","نوندهـ كروؤ"
"nounihaal","نونهال"
"nawi","نوي"
"nawi","نوي"
"niyaabat","نيابة"
"niyat","نية"
"neechaai","نيچائي"
"neeche","نيچے"
"niraan","نيران"
"naiza","نيزه"
"naik","نيك"
"neel","نيل"
"neelu","نيلو"
"neend","نيند"
"neevro","نيؤرو"
"haath","هاتهــ"
"haathi","هاتهي"
"haadi-hudaat","هادي-هداة"
"haarko-haarka","هار"
"haarko-haarka","هارٌكو-هارٌكا"
"hathyaar","هتهيار"
"hati jaawu","هضضي جاوؤ"
"hijrat","هجرة"
"hijri","هجري"
"hujoom","هجوم"
"haji","هجي"
"hichki","هچكي"
"haddi","هدٌي"
"hidaayaat","هدايات"
"hidaayat","هداية"
"hadaf-ahdaaf","هدف-اهداف"
"hadya, hadyo","هدية-هدايا"
"her","هر"
"har aan","هر اٰن"
"hirdah","هرده"
"hargiz","هرگــز (نه)"
"har lahzah","هرلحظة"
"haran","هرن"
"haro","هرو"
"haru bharu","هرو بهرو"
"haryaali","هريالي"
"hazaar","هزار"
"hazimat","هزيمة"
"hushyaar","هشيار"
"hafta, hafto","هفته"
"hafti","هفتي"
"halaak","هلاك تهاوؤ"
"hilaawu","هلاوؤ"
"halku","هلكو"
"halko kerwu","هلكو كروؤ"
"ham-humoom","هم-هموم"
"ham zamaan","هم زمان"
"ham shaan","هم شان"
"ham shakal","هم شكل"
"ham asr","هم عصر"
"ham umr","هم عمر"
"ham misal","هم مثل"
"humaam","همام"
"himmat","همة"
"hamrah","همراه"
"hamna","همنا"
"ham naam","همنام"
"hamesha","هميشه"
"hamein","هميں"
"hoondi","هندٌي"
"hindustaan","هندوستان"
"hunar","هنر"
"hanswu","هنسوؤ"
"hangaam","هنگام"
"hawa","هواء"
"hu bahu","هوبهو"
"hawas","هوس"
"hawey","هوے"
"hosh","هوش"
"hoshyaar","هوشيار"
"hont","هونت"
"haibat","هيبة"
"hiraa kani","هيراكني"
"hair phair kerwu","هيرپهير كروؤ"
"waabastah","وابسطه"
"waat kerwu","وات كروؤ"
"waataawaran","واتاورن"
"waapas","واپس"
"waajib","واجب"
"waajebaat","واجبات"
"waahid","واحد"
"waadal","وادل"
"waadi","وادي"
"waari","وارٌي"
"waar talab kerwu","وار طلب كروؤ"
"waaris","وارث"
"waaramwaar","وارموار"
"waari","واري جاوؤ"
"waasetat","واسطة"
"waaste","واسطے"
"waa se'","واسع"
"waasan","واسن"
"waadheh","واضح"
"waafir","وافر"
"waaqe'","واقع (تهيو/؛)"
"waqeah","واقعة"
"wa illa","والا"
"waalid","والد"
"waaledah","والدة"
"waledain","والدين"
"waalwu","والوؤ"
"waali","والي"
"wahla","واهلا"
"waawelaa","واويلاه"
"wabaa","وباء"
"wabaal","وبال"
"wabeel","وبيل"
"wathiqat-wathaaiq","وثيقة-وثائق"
"wajaahat","وجاهت"
"wijli","وجلي"
"wajeh","وجه"
"wijhat-wujuhaat","وجهة-وجوهات"
"wujoob","وجوب"
"wujood","وجود"
"wehshat","وحشة"
"wahye","وحي"
"wichaar-wichaaraat","وچار-وچارات"
"wachma aawu","وچما اٰوؤ"
"wachan","وچن"
"wadaa","وداع"
"wadlik","ودليك"
"wadhaare","ودهارے"
"wadhaamni","ودهامني"
"wadhaawu","ودهاوؤ"
"wadhi jaawu","ودهي جاوؤ"
"wadi'at","وديعة"
"wiraasat","وراثة"
"wird e zubaan howu","ورد زبان هوؤ"
"warzish","ورزش"
"waras","ورس"
"waraswu","ورسوؤ"
"waraq-awraaq","ورق-اوراق"
"waram","ورم"
"waroo","ورو"
"wazan","وزن"
"wazeer-wozoraa","وزير-وزراء"
"wisaatat","وساطة"
"wasaawu","وساوؤ"
"wasat","وسط"
"wus at","وسعة"
"waswasah-wasaawis","وسوسة-وساوس"
"waswu","وسوؤ"
"wasee'","وسيع"
"wasila, wasilo","وسيلة-وسائل"
"wasal kerwu","وصل كروؤ"
"wosool","وصول"
"wasiyat-wasaaya","وصية-وصايا"
"wade' kerwu","وضع كروؤ"
"wuzu","وضوء"
"watan","وطن"
"wazifah","وظيفة"
"waada, waado","وعده"
"wa'az","وعظ"
"wagairah","وغيره"
"wafaa kerwu","وفاء كروؤ"
"wafaat","وفاة"
"wafaadaar","وفادار"
"wafaadaari","وفاداري"
"wafd-wufood","وفد-وفود"
"wufoor","وفور"
"waqaar","وقار"
"waqt","وقت"
"wakaalat","وكالة"
"wakhaan","وكهان"
"wakeel","وكيل"
"wilaadat","ولادة"
"walaayat","ولاية"
"walagwu","ولگوؤ"
"walangri","ولنگري"
"walwalo","ولوله"
"walwu","ولوؤ"
"wali-awliya","ولي-اولياء"
"wali ul amr","ولي الامر"
"wahaa","وهاں"
"wahaan","وهان"
"wehtu","وهتو"
"wehla","وهلا"
"wehem","وهم"
"wehwaar","وهوار"
"wiyaaj","وياج"
"wepaar","ويپار"
"wepaar","ويپار"
"weechwu","ويچوؤ"
"yaa","يا"
"yaad","ياد"
"yaaddaasht","ياداشت"
"yaadgaar","يادگار"
"yaar","يار"
"yaaro yaawer","يارو ياور"
"yaari","ياري"
"yaqoot","ياقوت"
"yaqoot-e-ahmer","ياقوت احمر"
"yateem","يتيم"
"yad","يد"
"yasaar","يسار"
"yahaa lag","يهاں لگ"
"ya'soob","يعسوب"
"ya'ni","يعني"
"yaqeen","يقين"
"yak bayak","يك بيك"
"yakta","يكتا"
"yaksaa","يكساں"
"yumn","يمن"
"yameen","يمين"
"yahaa","يهاں"
"yahoodi-yahood","يهودي-يهود"
"youm","يوم"
"mohammed","محمد"
"karva","كروا"
"awaaz","اواز"
"jannat","جنة"
"warith","وارث"
"fida","فداء"
"sadiyo","صديو"
"jaao","جاؤ"
"kamyaab","كامياب"
"jama`at","جماعة"
"che","چهے"
"ye","يه"
"duat","دعاة"
"kehnaar","كهنار"
"tame","تمے"
"chu","چهوں"
"karta","كرتا"
"har","هر"
"motiyo","موتيو"
"haath","هاتهـ"
"aya","اٰيا"
"tasbih","تسبيح"
"sathe","ساتهے"
"moti","موتي"
"chalo","چلو"
"ta`ala","تعالى"
"betha","بيتها"
"rahya","رهيا"
"naamo","نامو"
"ilm","علم"
"khuda","خدا"
"aale","اٰل"
"par","پر"
"lai","لئي"
"mumin","مؤمن"
"thai","تهئي"
"tamne","تمنے"
"suni","سني"
"fidak","فداك"
"kahu","كهوں"
"zinat","زينة"
"duato","دعاتو"
"api","اٰپي"
"istefadah","استفادة"
"barakaat","بركات"
"logo","لوگو"
"ulbarakaat","البركات"
"rehjo","رهجو"
"iwaan","ايوان"
"jaan","جان"
"ulilm","العلم"
"rakhjo","راكهجو"
"mumenah","مؤمنة"
"ehna","اهنا"
"cho","چهو"
"lejo","ليجو"
"joilto","جعلت"
"jara","جرا"
"mumeneen","مؤمنين"
"jamaat","جماعة"
"nu","نو"
"haykal","هيكل"
"wafaa","وفاء"
"sidhara","سدهارا"
"yeh","يه"
"alanwaar","الانوار"
"aaya","اٰيا"
"kaya","كيا"
"saath","ساتھـ"
"toh","تو"
"ghair","غير"
"a","ع"
"che","الدين"
"alzamaan","الزمان"
"darmiyan","درميان"
"min","من"
"paishtar","پيشتر"
"naam","نام"
"potana","پوتانا"
"bay`at","بيعة"
"karo","كرو"
"nass","نص"
"tayyib","طيب"
"ehnu","اهنو"
"shukr","شكر"
"ehva","اهوا"
"paase","پاسے"
"tamara","تمارا"
"mumineen","مؤمنين"
"aapnaar","اٰپنار"
"ullahi","الله
"alayhi","عليه"
"ni","ني"
"dai","داعي"
"burhan","برهان"
"yanzuruna","يَنظرون"
"kaya","كيا"
"uddin","الدين"
"uzzamaan","الزمان"
"farmaave","فرماوے"
"binoor","بنور"
"imam","امام"
"alsatr","الستر"
"moiz","معز"
"bab","باب"
"noor","نور"
"alabwaab","الابواب"
"si","سي"
"che","چھے"
"allah","الله"
"alzamaan","الزمان"
"ullahi","الله"
"uzzamaan","الزمان"